id,quality_n_photos,quality_grade,observed_on,created_at,updated_at,notes,lat,long,positional_accuracy,geoprivacy,license_code,taxon_id,taxon_rank,taxon_geoprivacy,taxon_observations_count,user_id,user_created_at,user_activity_count,user_identifications_count,user_species_count,user_observations_count,GBIF_url,n_obs_fields,presence_notes,length_notes,n_tags,n_projects,microscopy_project,days_since_upload,cat_notes,cat_obs_fields,cat_tags,cat_projects,created_at_year,observed_on_year,created_at_month,observed_on_month,taxon_conservation_authority,taxon_conservation_status,kingdom,phylum,class,order,family,genus,specificEpithet,infraspecificEpithet,scientificName,country,observer_taxon_id,rg,n_photos,sum_pixels,observer_taxon_rank,n_identifications,n_identifiers,n_comments,uri,growth_form,evaluation,majority_similar,microscopy_photos,chemical_test,details,cut_latex_ink_sporeprint,substrate_visible,interacted_with,agreed_higher_level,observer_ID_matches,n_joined_projects,old_bad_quality_specimen
177566070,needs_id_1,needs_id,2023-08-09,2023-08-09T20:43:31Z,2023-08-21T18:53:13Z,NA,59.42272186,10.22911549,2799,NA,cc-by-nc,785517,suborder,NA,1908454,7226361,2023-08-05T17:49:15Z,81,0,68,81,NA,0,no,0,0,0,no,322,0,0,0,0,2023,2023,Aug,Aug,NA,NA,Fungi,Basidiomycota,Agaricomycetes,Agaricales,Not identified,Not identified,Not identified,NA,Agaricineae,Norway,328202,0,1,2361344,species,2,1,0,https://www.inaturalist.org/observations/177566070,Gasteroid,average,not applicable,n,n,n,n,y,y,n,not applicable,0,n
133526862,needs_id_1,needs_id,2022-08-20,2022-09-03T21:44:30Z,2022-09-03T21:44:30Z,NA,46.5044339,13.5799589,10566,NA,cc-by-nc,47170,kingdom,NA,12153727,1901999,2019-06-22T14:31:17Z,8157,0,2637,8157,NA,0,no,0,6,0,no,662,0,0,2,0,2022,2022,Sep,Sep,NA,NA,Fungi,Not identified,Not identified,Not identified,Not identified,Not identified,Not identified,NA,Fungi,Italy,47170,0,1,3145728,kingdom,1,0,0,https://www.inaturalist.org/observations/133526862,Clavarioid,average,not applicable,n,n,n,n,y,n,n,not applicable,0,n
109154102,needs_id_1,needs_id,2022-03-21,2022-03-21T16:55:24Z,2022-03-21T16:55:25Z,Usnea hirta,45.03914406,7.074667172,709,NA,cc-by-nc,182679,species,NA,10325,1395828,2018-12-19T17:22:47Z,219820,172886,2580,46934,NA,0,yes,11,1,2,no,828,1,0,1,1,2022,2022,Mar,Mar,NA,NA,Fungi,Ascomycota,Lecanoromycetes,Lecanorales,Parmeliaceae,Usnea,hirta,NA,Usnea hirta,Italy,182679,0,1,1084608,species,1,0,0,https://www.inaturalist.org/observations/109154102,Lichen,good,not applicable,n,n,n,n,y,n,n,not applicable,7,n
41527266,needs_id_1,needs_id,2020-04-05,2020-04-06T13:45:26Z,2020-04-06T13:45:34Z,NA,53.84222222,-2.47,NA,NA,cc-by,54743,class,NA,1846505,2164172,2019-08-23T13:54:55Z,44329,20885,4108,23444,NA,0,no,0,0,0,no,1542,0,0,0,0,2020,2020,Apr,Apr,NA,NA,Fungi,Ascomycota,Lecanoromycetes,Not identified,Not identified,Not identified,Not identified,NA,Lecanoromycetes,United Kingdom,54743,0,1,2359296,class,1,0,0,https://www.inaturalist.org/observations/41527266,Lichen,bad,not applicable,n,n,y,n,n,n,n,not applicable,5,n
172145563,needs_id_1,needs_id,2023-07-10,2023-07-10T12:45:39Z,2024-02-14T17:03:31Z,NA,46.96297836,15.39439964,NA,NA,cc-by-nc-sa,972793,species,NA,34334,2727718,2020-04-08T11:37:29Z,16219,5475,3132,10744,NA,0,no,0,0,0,no,352,0,0,0,0,2023,2023,Jul,Jul,NA,NA,Fungi,Basidiomycota,Agaricomycetes,Agaricales,Lycoperdaceae,Apioperdon,pyriforme,NA,Apioperdon pyriforme,Austria,972793,0,1,1931264,species,1,0,0,https://www.inaturalist.org/observations/172145563,Gasteroid,average,not applicable,n,n,n,n,y,n,n,not applicable,1,n
152016235,needs_id_1,needs_id,2023-03-17,2023-03-23T11:19:07Z,2023-03-23T11:19:16Z,NA,46.7430559,23.55545528,4,NA,cc-by-nc,155081,species,NA,3239,5140577,2021-10-20T09:54:13Z,6506,97,1799,6409,NA,0,no,0,0,0,no,461,0,0,0,0,2023,2023,Mar,Mar,NA,NA,Fungi,Basidiomycota,Agaricomycetes,Russulales,Stereaceae,Stereum,subtomentosum,NA,Stereum subtomentosum,Romania,155081,0,1,3158016,species,1,0,0,https://www.inaturalist.org/observations/152016235,Pileate-sessile,bad,not applicable,n,n,n,n,y,n,n,not applicable,0,n
106927795,needs_id_1,needs_id,2022-02-17,2022-02-17T18:10:02Z,2022-02-17T18:10:12Z,NA,40.86385727,-8.286088943,NA,NA,cc-by-nc,123176,genus,NA,38122,1626294,2019-04-17T09:14:17Z,6124,4515,666,1609,NA,0,no,0,0,0,no,860,0,0,0,0,2022,2022,Feb,Feb,NA,NA,Fungi,Ascomycota,Lecanoromycetes,Lecanorales,Parmeliaceae,Evernia,Not identified,NA,Evernia,Portugal,123176,0,1,3145728,genus,1,0,0,https://www.inaturalist.org/observations/106927795,Lichen,good,not applicable,n,n,n,n,y,n,n,not applicable,1,n
113070926,needs_id_1,needs_id,2014-11-29,2022-04-27T09:27:55Z,2022-04-27T09:46:33Z,NA,40.26632045,-8.397615913,133,NA,cc-by-nc,54895,genus,NA,71006,5541217,2022-04-21T13:24:17Z,1736,250,981,1486,NA,0,no,0,2,0,no,791,0,0,1,0,2022,2014,Apr,Apr,NA,NA,Fungi,Basidiomycota,Agaricomycetes,Agaricales,Hydnangiaceae,Laccaria,Not identified,NA,Laccaria,Portugal,47169,0,1,3381598,phylum,2,1,0,https://www.inaturalist.org/observations/113070926,Pileate-stipitate,average,not applicable,n,n,n,n,y,y,n,not applicable,0,n
37979195,needs_id_1,needs_id,2020-01-25,2020-01-26T07:42:34Z,2020-06-02T23:25:46Z,Prie komposto pušyne,54.95596695,24.65405655,NA,NA,NA,63077,genus,NA,28891,1644132,2019-04-21T19:20:53Z,1628,0,794,1628,NA,0,yes,20,0,0,no,1613,1,0,0,0,2020,2020,Jan,Jan,NA,NA,Fungi,Basidiomycota,Agaricomycetes,Geastrales,Geastraceae,Geastrum,Not identified,NA,Geastrum,Lithuania,63077,0,1,3145728,genus,2,1,0,https://www.inaturalist.org/observations/37979195,Gasteroid,average,not applicable,n,n,n,n,y,y,y_genus,y_genus,0,n
188060827,needs_id_1,needs_id,2023-10-18,2023-10-18T20:10:39Z,2023-10-18T20:10:39Z,NA,55.93222667,37.30331167,NA,NA,cc-by-nc,875129,species,NA,83,1347991,2018-11-12T16:46:19Z,57131,850,7546,56281,NA,0,no,0,0,0,no,252,0,0,0,0,2023,2023,Oct,Oct,NA,NA,Fungi,Basidiomycota,Agaricomycetes,Agaricales,Porotheleaceae,Phloeomana,hiemalis,NA,Phloeomana hiemalis,Russia,875129,0,1,3000000,species,1,0,0,https://www.inaturalist.org/observations/188060827,Pileate-stipitate,good,not applicable,n,n,n,n,y,n,n,not applicable,4,n
91956592,needs_id_1,needs_id,2021-08-21,2021-08-21T13:14:22Z,2021-08-22T18:53:05Z,NA,55.35387167,38.06328667,4,NA,NA,352308,species,NA,6305,4440859,2021-05-20T07:47:02Z,181,0,134,181,NA,0,no,0,0,0,no,1040,0,0,0,0,2021,2021,Aug,Aug,NA,NA,Fungi,Basidiomycota,Agaricomycetes,Russulales,Russulaceae,Russula,sanguinea,NA,Russula sanguinea,Russia,NA,0,1,3145728,First id by community,2,1,0,https://www.inaturalist.org/observations/91956592,Pileate-stipitate,bad,not applicable,n,n,n,n,y,y,n,not applicable,0,n
179840529,needs_id_1,needs_id,2023-08-23,2023-08-23T15:48:29Z,2023-08-23T15:57:55Z,NA,60.21289667,24.91361667,4,NA,NA,52526,order,NA,42972,2880478,2020-04-30T08:01:09Z,171,0,118,171,NA,0,no,0,0,0,no,308,0,0,0,0,2023,2023,Aug,Aug,NA,NA,Fungi,Basidiomycota,Agaricomycetes,Thelephorales,Not identified,Not identified,Not identified,NA,Thelephorales,Finland,118102,0,1,3145728,species,2,1,0,https://www.inaturalist.org/observations/179840529,Pileate-stipitate,bad,not applicable,n,n,n,n,y,y,n,not applicable,0,n
61582248,needs_id_1,needs_id,2020-10-03,2020-10-03T17:14:54Z,2020-10-03T17:15:28Z,NA,49.14167783,7.89471667,123,NA,cc-by-nc,48444,genus,NA,98453,3314401,2020-07-11T11:37:39Z,75,0,60,75,NA,0,no,0,0,0,no,1362,0,0,0,0,2020,2020,Oct,Oct,NA,NA,Fungi,Basidiomycota,Agaricomycetes,Agaricales,Lycoperdaceae,Lycoperdon,Not identified,NA,Lycoperdon,Germany,48444,0,1,3145728,genus,1,0,0,https://www.inaturalist.org/observations/61582248,Gasteroid,average,not applicable,n,n,n,n,y,n,n,not applicable,0,n
189366806,needs_id_1,needs_id,2023-10-29,2023-10-29T16:39:52Z,2023-10-29T16:39:52Z,NA,52.20471233,-1.731267387,32,NA,cc-by-nc,53276,species,NA,9242,6189973,2022-09-25T16:48:07Z,30594,23221,2884,7373,NA,0,no,0,0,0,no,241,0,0,0,0,2023,2023,Oct,Oct,NA,NA,Fungi,Basidiomycota,Dacrymycetes,Dacrymycetales,Dacrymycetaceae,Dacrymyces,stillatus,NA,Dacrymyces stillatus,United Kingdom,53276,0,1,3145728,species,1,0,0,https://www.inaturalist.org/observations/189366806,Tremelloid,average,not applicable,n,n,n,n,y,n,n,not applicable,7,n
26796205,needs_id_1,needs_id,2019-06-09,2019-06-11T10:12:04Z,2021-02-02T16:39:07Z,NA,45.81336069,9.033463625,19,NA,NA,53490,genus,NA,90197,1852226,2019-06-09T12:55:16Z,62,0,53,62,NA,0,no,0,0,2,no,1842,0,0,0,1,2019,2019,Jun,Jun,NA,NA,Fungi,Basidiomycota,Agaricomycetes,Boletales,Suillaceae,Suillus,Not identified,NA,Suillus,Italy,499954,0,1,1920000,species,2,1,0,https://www.inaturalist.org/observations/26796205,Pileate-stipitate,average,not applicable,n,n,n,n,n,y,y_genus,y_genus,2,n
141258671,needs_id_1,needs_id,2022-11-06,2022-11-06T12:51:12Z,2022-11-06T12:51:20Z,NA,39.11273193,-9.361457825,126,NA,cc-by-nc,56314,species,NA,24419,3645007,2020-09-21T16:12:23Z,1813,108,455,1705,NA,0,no,0,0,0,no,598,0,0,0,0,2022,2022,Nov,Nov,NA,NA,Fungi,Basidiomycota,Agaricomycetes,Agaricales,Psathyrellaceae,Coprinellus,disseminatus,NA,Coprinellus disseminatus,Portugal,56314,0,1,2359296,species,1,0,0,https://www.inaturalist.org/observations/141258671,Pileate-stipitate,bad,not applicable,n,n,n,n,y,n,n,not applicable,2,n
175006533,needs_id_1,needs_id,2023-07-26,2023-07-26T09:44:48Z,2023-07-26T09:44:57Z,NA,55.59587064,37.55686395,1205,NA,cc-by-nc,143270,species,open,5180,7000770,2023-06-06T21:33:53Z,218,1,171,217,NA,0,no,0,0,0,no,336,0,0,0,0,2023,2023,Jul,Jul,NA,NA,Fungi,Basidiomycota,Agaricomycetes,Cantharellales,Hydnaceae,Cantharellus,lateritius,NA,Cantharellus lateritius,Russia,143270,0,1,2361344,species,1,0,1,https://www.inaturalist.org/observations/175006533,Pileate-stipitate,bad,not applicable,n,n,n,n,y,y,n,not applicable,0,n
64546095,needs_id_1,needs_id,2020-11-08,2020-11-09T20:40:24Z,2020-11-09T20:40:35Z,NA,50.83534167,-0.11630283,200,NA,cc-by-nc,48475,genus,NA,158415,3251494,2020-06-27T20:48:50Z,102,2,89,100,NA,0,no,0,0,0,no,1325,0,0,0,0,2020,2020,Nov,Nov,NA,NA,Fungi,Basidiomycota,Agaricomycetes,Polyporales,Polyporaceae,Ganoderma,Not identified,NA,Ganoderma,United Kingdom,48475,0,1,3145728,genus,1,0,0,https://www.inaturalist.org/observations/64546095,Pileate-sessile,average,not applicable,n,n,n,n,y,n,n,not applicable,1,n
18031359,needs_id_1,needs_id,2018-11-02,2018-11-02T14:55:39Z,2018-11-09T04:29:24Z,NA,45.10183333,1.14645,1668,NA,NA,47167,order,NA,4295376,900668,2018-04-25T22:15:49Z,1131,6,727,1125,NA,0,no,0,0,0,no,2063,0,0,0,0,2018,2018,Nov,Nov,NA,NA,Fungi,Basidiomycota,Agaricomycetes,Agaricales,Not identified,Not identified,Not identified,NA,Agaricales,France,55950,0,1,3145728,species,2,1,1,https://www.inaturalist.org/observations/18031359,Pileate-stipitate,bad,not applicable,n,n,n,n,y,y,n,not applicable,0,n
84037087,needs_id_1,needs_id,2021-06-17,2021-06-22T10:20:32Z,2021-06-22T10:20:41Z,NA,51.0552204,12.68839996,6701,NA,NA,117943,species,open,45424,4562734,2021-06-10T10:39:45Z,119,0,98,119,NA,0,no,0,0,0,no,1100,0,0,0,0,2021,2021,Jun,Jun,NA,NA,Fungi,Ascomycota,Lecanoromycetes,Lecanorales,Parmeliaceae,Flavoparmelia,caperata,NA,Flavoparmelia caperata,Germany,117943,0,1,1437501,species,1,0,0,https://www.inaturalist.org/observations/84037087,Lichen,average,not applicable,n,n,n,n,y,n,n,not applicable,0,n
121918231,needs_id_1,needs_id,2022-06-15,2022-06-15T19:56:11Z,2023-11-22T17:27:52Z,NA,55.732933,49.224133,NA,NA,cc-by-nc,47167,order,NA,4306040,1334239,2018-11-06T12:07:42Z,1007,3,570,1004,NA,0,no,0,0,0,no,742,0,0,0,0,2022,2022,Jun,Jun,NA,NA,Fungi,Basidiomycota,Agaricomycetes,Agaricales,Not identified,Not identified,Not identified,NA,Agaricales,Russia,47170,0,1,2787328,kingdom,2,1,2,https://www.inaturalist.org/observations/121918231,Pileate-stipitate,average,not applicable,n,n,n,n,y,y,n,not applicable,0,y
224222647,needs_id_1,needs_id,2024-06-21,2024-06-21T17:29:32Z,2024-06-21T17:30:10Z,NA,49.2726309,6.8557862,NA,NA,NA,54067,genus,NA,64790,293666,2016-08-07T20:54:00Z,639,13,442,626,NA,0,no,0,0,0,no,5,0,0,0,0,2024,2024,Jun,Jun,NA,NA,Fungi,Basidiomycota,Agaricomycetes,Agaricales,Marasmiaceae,Marasmius,Not identified,NA,Marasmius,Germany,54067,0,1,3145728,genus,1,0,0,https://www.inaturalist.org/observations/224222647,Pileate-stipitate,bad,not applicable,n,n,n,n,y,n,n,not applicable,0,n
206986016,needs_id_1,needs_id,2024-04-12,2024-04-13T16:54:15Z,2024-04-13T16:54:37Z,NA,50.20916335,4.208496674,130,NA,cc-by-nc,56315,genus,NA,111172,7426079,2023-09-20T10:50:29Z,696,355,252,341,NA,0,no,0,0,0,no,74,0,0,0,0,2024,2024,Apr,Apr,NA,NA,Fungi,Basidiomycota,Agaricomycetes,Agaricales,Psathyrellaceae,Coprinellus,Not identified,NA,Coprinellus,Belgium,56315,0,1,2795520,genus,1,0,0,https://www.inaturalist.org/observations/206986016,Pileate-stipitate,bad,not applicable,n,n,n,n,y,n,n,not applicable,1,n
103811007,needs_id_1,needs_id,2021-06-19,2021-12-28T09:34:26Z,2022-07-21T19:35:23Z,NA,46.45618272,10.96349278,NA,NA,cc-by-nc,49490,genus,NA,246887,447090,2017-04-10T19:47:51Z,19450,751,3038,18699,NA,0,no,0,0,0,no,911,0,0,0,0,2021,2021,Dec,Dec,NA,NA,Fungi,Ascomycota,Lecanoromycetes,Lecanorales,Cladoniaceae,Cladonia,Not identified,NA,Cladonia,Italy,49489,0,1,3536896,family,2,1,0,https://www.inaturalist.org/observations/103811007,Lichen,bad,not applicable,n,n,n,n,y,y,y_family,n,3,n
137841011,needs_id_1,needs_id,2022-10-07,2022-10-07T09:13:38Z,2022-10-07T09:14:25Z,NA,52.10682297,5.184331417,1100,NA,cc-by-nc,118027,species,NA,9422,5415933,2022-03-12T11:58:22Z,492,0,261,492,NA,0,no,0,0,0,no,628,0,0,0,0,2022,2022,Oct,Oct,NA,NA,Fungi,Basidiomycota,Dacrymycetes,Dacrymycetales,Dacrymycetaceae,Calocera,cornea,NA,Calocera cornea,Netherlands,118027,0,1,3145728,species,1,0,0,https://www.inaturalist.org/observations/137841011,Clavarioid,average,not applicable,n,n,n,n,y,n,n,not applicable,0,n
127361756,needs_id_1,needs_id,2022-07-22,2022-07-22T14:23:43Z,2022-07-24T11:50:40Z,NA,61.34766924,27.0292623,8,NA,NA,50814,class,NA,8232535,5941775,2022-07-22T10:16:56Z,28,3,20,25,NA,0,no,0,0,0,no,705,0,0,0,0,2022,2022,Jul,Jul,NA,NA,Fungi,Basidiomycota,Agaricomycetes,Not identified,Not identified,Not identified,Not identified,NA,Agaricomycetes,Finland,343661,0,1,3145728,species,2,1,1,https://www.inaturalist.org/observations/127361756,Pileate-stipitate,bad,not applicable,n,n,n,n,y,y,n,not applicable,0,n
185549452,needs_id_1,needs_id,2023-09-30,2023-09-30T10:56:01Z,2023-09-30T10:56:07Z,NA,59.355465,18.04160333,6,NA,cc-by-nc,55927,species,NA,24681,811841,2018-03-26T22:48:12Z,926,189,379,737,NA,0,no,0,0,0,no,270,0,0,0,0,2023,2023,Sep,Sep,NA,NA,Fungi,Basidiomycota,Agaricomycetes,Boletales,Sclerodermataceae,Scleroderma,citrinum,NA,Scleroderma citrinum,Sweden,55927,0,1,3145728,species,1,0,0,https://www.inaturalist.org/observations/185549452,Gasteroid,average,not applicable,n,n,n,n,y,n,n,not applicable,0,n
162497643,needs_id_1,needs_id,2023-05-18,2023-05-19T16:10:29Z,2023-05-19T16:10:40Z,NA,41.699148,-6.536724972,NA,NA,cc-by-nc,123175,species,NA,27865,3025241,2020-05-21T13:38:36Z,9969,3236,2351,6733,NA,0,no,0,0,0,no,404,0,0,0,0,2023,2023,May,May,NA,NA,Fungi,Ascomycota,Lecanoromycetes,Lecanorales,Parmeliaceae,Evernia,prunastri,NA,Evernia prunastri,Spain,123175,0,1,3145728,species,1,0,0,https://www.inaturalist.org/observations/162497643,Lichen,average,not applicable,n,n,n,n,y,n,n,not applicable,3,n
99620476,needs_id_1,needs_id,2021-10-28,2021-10-28T12:11:31Z,2024-04-25T15:41:45Z,NA,56.15470375,9.54394592,8,NA,NA,47167,order,NA,4304606,4932589,2021-08-31T12:55:42Z,2,0,0,2,NA,0,no,0,0,0,no,972,0,0,0,0,2021,2021,Oct,Oct,NA,NA,Fungi,Basidiomycota,Agaricomycetes,Agaricales,Not identified,Not identified,Not identified,NA,Agaricales,Denmark,NA,0,1,1935360,First id by community,2,2,0,https://www.inaturalist.org/observations/99620476,Pileate-stipitate,average,not applicable,n,n,n,n,y,y,n,not applicable,0,n
102998107,needs_id_1,needs_id,2021-12-13,2021-12-13T15:50:44Z,2023-11-05T05:05:32Z,NA,43.59089678,1.44932963,92,NA,cc-by-nc,54743,class,NA,1849844,5143981,2021-10-21T08:04:39Z,789,31,302,758,NA,0,no,0,0,0,no,926,0,0,0,0,2021,2021,Dec,Dec,NA,NA,Fungi,Ascomycota,Lecanoromycetes,Not identified,Not identified,Not identified,Not identified,NA,Lecanoromycetes,France,47170,0,1,2359296,kingdom,2,1,0,https://www.inaturalist.org/observations/102998107,Lichen,average,not applicable,n,n,n,n,y,y,n,not applicable,1,n
31864385,needs_id_1,needs_id,2019-08-31,2019-08-31T18:53:39Z,2019-08-31T18:53:52Z,NA,50.73714035,12.44372877,5,NA,cc0,118038,species,NA,13144,1952440,2019-07-05T21:29:52Z,24930,201,4626,24729,NA,0,no,0,0,0,no,1761,0,0,0,0,2019,2019,Aug,Aug,NA,NA,Fungi,Basidiomycota,Agaricomycetes,Polyporales,Phanerochaetaceae,Bjerkandera,adusta,NA,Bjerkandera adusta,Germany,118038,0,1,3145728,species,1,0,0,https://www.inaturalist.org/observations/31864385,Pileate-sessile,bad,not applicable,n,n,n,n,y,n,n,not applicable,1,n
202055964,needs_id_1,needs_id,2024-03-11,2024-03-11T15:41:46Z,2024-03-11T19:01:46Z,NA,50.00053787,8.696158409,NA,NA,cc-by-nc,47380,order,NA,1437417,7813571,2024-02-21T13:00:04Z,10,0,7,10,NA,0,no,0,0,0,no,107,0,0,0,0,2024,2024,Mar,Mar,NA,NA,Fungi,Basidiomycota,Agaricomycetes,Polyporales,Not identified,Not identified,Not identified,NA,Polyporales,Germany,47380,0,1,3145728,order,1,0,0,https://www.inaturalist.org/observations/202055964,Pileate-sessile,bad,not applicable,n,n,n,n,y,n,n,not applicable,0,n
100620297,needs_id_1,needs_id,2021-11-06,2021-11-08T19:51:46Z,2022-04-26T15:32:40Z,NA,53.3150716,-1.6165081,NA,NA,NA,1094690,subfamily,NA,521900,4485326,2021-05-27T15:01:21Z,517,3,295,514,NA,0,no,0,0,0,no,961,0,0,0,0,2021,2021,Nov,Nov,NA,NA,Fungi,Ascomycota,Lecanoromycetes,Lecanorales,Parmeliaceae,Not identified,Not identified,NA,Parmelioideae,United Kingdom,NA,0,1,4194304,First id by community,2,2,0,https://www.inaturalist.org/observations/100620297,Lichen,good,not applicable,n,n,n,n,y,y,n,n,0,n
59054030,needs_id_1,needs_id,2020-09-09,2020-09-09T16:46:04Z,2020-09-09T17:25:44Z,NA,51.93333333,22.25222222,NA,NA,NA,58698,species,NA,15849,1799972,2019-05-28T07:37:03Z,491,139,225,352,NA,0,no,0,0,1,no,1386,0,0,0,1,2020,2020,Sep,Sep,NA,NA,Fungi,Ascomycota,Sordariomycetes,Xylariales,Xylariaceae,Xylaria,polymorpha,NA,Xylaria polymorpha,Poland,58698,0,1,2359296,species,1,0,0,https://www.inaturalist.org/observations/59054030,Xylarioid,average,not applicable,n,n,n,n,y,n,n,not applicable,1,n
130602165,needs_id_1,needs_id,2022-08-12,2022-08-13T08:32:00Z,2022-08-13T08:32:15Z,NA,55.44727689,37.50510635,8,NA,cc-by-nc,130935,species,NA,11141,2696191,2020-03-31T15:14:59Z,42613,35195,1960,7414,NA,0,no,0,0,0,no,683,0,0,0,0,2022,2022,Aug,Aug,NA,NA,Fungi,Ascomycota,Leotiomycetes,Rhytismatales,Rhytismataceae,Rhytisma,acerinum,NA,Rhytisma acerinum,Russia,130935,0,1,2795520,species,1,0,0,https://www.inaturalist.org/observations/130602165,Leaf fungi,average,not applicable,n,n,n,n,y,n,n,not applicable,1,n
188657371,needs_id_1,needs_id,2023-10-23,2023-10-23T13:28:54Z,2023-10-23T14:33:21Z,NA,48.36388889,-4.563611111,NA,NA,cc0,47380,order,NA,1436725,1794233,2019-05-26T15:59:16Z,25768,6043,2160,19722,NA,0,no,0,0,0,no,247,0,0,0,0,2023,2023,Oct,Oct,NA,NA,Fungi,Basidiomycota,Agaricomycetes,Polyporales,Not identified,Not identified,Not identified,NA,Polyporales,France,47170,0,1,4194304,kingdom,2,1,0,https://www.inaturalist.org/observations/188657371,Corticioid,average,not applicable,n,n,n,n,y,y,n,not applicable,14,n
67518437,needs_id_1,needs_id,2021-01-03,2021-01-03T15:39:18Z,2021-01-03T15:39:28Z,NA,50.99657052,4.618202671,7,NA,NA,48529,species,NA,33028,2138373,2019-08-16T12:26:30Z,18509,92,6708,18417,NA,0,no,0,0,0,no,1270,0,0,0,0,2021,2021,Jan,Jan,NA,NA,Fungi,Basidiomycota,Tremellomycetes,Tremellales,Tremellaceae,Tremella,mesenterica,NA,Tremella mesenterica,Belgium,48529,0,1,3145728,species,1,0,0,https://www.inaturalist.org/observations/67518437,Tremelloid,average,not applicable,n,n,n,n,y,n,n,not applicable,0,n
93448857,needs_id_1,needs_id,2021-09-03,2021-09-03T07:22:54Z,2021-09-03T07:23:00Z,NA,63.08506109,21.61165023,9,NA,NA,63538,species,NA,13355,2999217,2020-05-18T16:11:58Z,21,0,16,21,NA,0,no,0,0,0,no,1027,0,0,0,0,2021,2021,Sep,Sep,NA,NA,Fungi,Basidiomycota,Agaricomycetes,Boletales,Hygrophoropsidaceae,Hygrophoropsis,aurantiaca,NA,Hygrophoropsis aurantiaca,Finland,63538,0,1,1910784,species,1,0,0,https://www.inaturalist.org/observations/93448857,Pileate-stipitate,average,not applicable,n,n,n,n,n,n,n,not applicable,0,n
135649705,needs_id_1,needs_id,2022-09-19,2022-09-19T11:44:26Z,2022-09-21T10:00:47Z,NA,52.33636166,-1.428908652,870,NA,cc-by-nc,54134,species,NA,114759,5891570,2022-07-07T07:21:16Z,576,25,385,551,NA,0,no,0,0,0,no,646,0,0,0,0,2022,2022,Sep,Sep,NA,NA,Fungi,Basidiomycota,Agaricomycetes,Polyporales,Polyporaceae,Trametes,versicolor,NA,Trametes versicolor,United Kingdom,54134,0,1,3145728,species,1,0,0,https://www.inaturalist.org/observations/135649705,Pileate-sessile,bad,not applicable,n,n,n,n,y,n,n,not applicable,0,n
189220789,needs_id_1,needs_id,2023-10-28,2023-10-28T13:24:00Z,2023-10-28T13:24:09Z,NA,49.12637778,7.646183333,NA,NA,NA,64071,species,open,9327,1257286,2018-10-05T09:28:50Z,276,0,206,276,NA,0,no,0,0,0,no,242,0,0,0,0,2023,2023,Oct,Oct,NA,NA,Fungi,Basidiomycota,Agaricomycetes,Agaricales,Strophariaceae,Hypholoma,capnoides,NA,Hypholoma capnoides,Germany,64071,0,1,3158016,species,1,0,0,https://www.inaturalist.org/observations/189220789,Pileate-stipitate,bad,not applicable,n,n,n,n,y,n,n,not applicable,0,n
80587578,needs_id_1,needs_id,2021-05-28,2021-05-28T09:00:45Z,2021-05-28T09:01:28Z,NA,57.07035279,9.733336312,19,NA,cc-by-nc,48767,species,NA,34934,4423907,2021-05-17T12:32:23Z,199,0,110,199,NA,0,no,0,0,0,no,1125,0,0,0,0,2021,2021,May,May,NA,NA,Fungi,Basidiomycota,Agaricomycetes,Agaricales,Strophariaceae,Hypholoma,fasciculare,NA,Hypholoma fasciculare,Denmark,48767,0,1,3145728,species,1,0,0,https://www.inaturalist.org/observations/80587578,Pileate-stipitate,bad,not applicable,n,n,n,n,y,n,n,not applicable,0,n
136574544,needs_id_1,needs_id,2022-09-25,2022-09-26T14:49:53Z,2022-09-26T14:50:00Z,NA,52.41887778,-4.069488889,NA,NA,NA,147277,species,open,5196,5299544,2022-01-11T20:38:51Z,136,11,104,125,NA,0,no,0,0,0,no,639,0,0,0,0,2022,2022,Sep,Sep,NA,NA,Fungi,Basidiomycota,Agaricomycetes,Boletales,Suillaceae,Suillus,grevillei,NA,Suillus grevillei,United Kingdom,147277,0,1,2359296,species,1,0,0,https://www.inaturalist.org/observations/136574544,Pileate-stipitate,average,not applicable,n,n,n,y,n,n,n,not applicable,0,n
224690680,needs_id_1,needs_id,2024-06-23,2024-06-23T17:53:47Z,2024-06-23T17:53:52Z,NA,46.18884902,0.0836672154,372,NA,cc-by-nc,48418,species,NA,7497,3473609,2020-08-16T20:37:51Z,3362,216,1079,3146,NA,0,no,0,0,0,no,3,0,0,0,0,2024,2024,Jun,Jun,NA,NA,Fungi,Basidiomycota,Agaricomycetes,Agaricales,Amanitaceae,Amanita,pantherina,NA,Amanita pantherina,France,48418,0,1,3145728,species,1,0,0,https://www.inaturalist.org/observations/224690680,Pileate-stipitate,bad,not applicable,n,n,n,n,y,n,n,not applicable,1,n
62504704,needs_id_1,needs_id,2020-10-13,2020-10-13T19:42:43Z,2020-10-13T19:42:43Z,NA,51.32677167,12.35504833,NA,NA,cc-by-nc,47170,kingdom,NA,12129135,32124,2014-03-11T18:23:04Z,100048,47858,5574,52190,NA,0,no,0,0,0,no,1352,0,0,0,0,2020,2020,Oct,Oct,NA,NA,Fungi,Not identified,Not identified,Not identified,Not identified,Not identified,Not identified,NA,Fungi,Germany,47170,0,1,2795520,kingdom,1,0,0,https://www.inaturalist.org/observations/62504704,Corticioid,average,not applicable,n,n,n,n,n,n,n,not applicable,2,n
200108746,needs_id_1,needs_id,2022-10-30,2024-02-22T18:45:50Z,2024-02-22T19:48:41Z,On mossy soul,51.30280694,12.35884868,74,NA,cc-by-nc,1468921,complex,NA,5902,7792558,2024-02-12T20:38:23Z,162,13,116,149,NA,0,yes,13,0,0,no,125,1,0,0,0,2024,2022,Feb,Feb,NA,NA,Fungi,Ascomycota,Sordariomycetes,Hypocreales,Nectriaceae,Nectria,Not identified,NA,Nectria cinnabarina,Germany,1468921,0,1,3145728,complex,2,1,0,https://www.inaturalist.org/observations/200108746,Perithecium,average,not applicable,n,n,n,n,y,y,y_complex,y_complex,1,n
64242027,needs_id_1,needs_id,2020-11-05,2020-11-05T16:10:43Z,2022-10-23T20:50:58Z,On pine,52.07402187,1.445896993,48,NA,cc-by,194476,species,NA,15021,2780840,2020-04-20T06:35:11Z,36941,5405,6269,31536,NA,0,yes,7,0,0,no,1329,1,0,0,0,2020,2020,Nov,Nov,NA,NA,Fungi,Basidiomycota,Agaricomycetes,Polyporales,Cerrenaceae,Cerrena,unicolor,NA,Cerrena unicolor,United Kingdom,194476,0,1,3145728,species,1,0,0,https://www.inaturalist.org/observations/64242027,Pileate-sessile,bad,not applicable,n,n,n,n,y,n,n,not applicable,0,n
142830677,needs_id_1,needs_id,2022-11-25,2022-11-25T16:58:29Z,2022-11-25T16:58:29Z,NA,45.86703856,8.82725841,244,NA,cc-by-nc,67331,species,NA,3920,744814,2018-01-08T16:51:02Z,24077,1894,4121,22183,NA,0,no,0,0,0,no,579,0,0,0,0,2022,2022,Nov,Nov,NA,NA,Fungi,Basidiomycota,Agaricomycetes,Agaricales,Hygrophoraceae,Hygrophorus,eburneus,NA,Hygrophorus eburneus,Italy,67331,0,1,1920000,species,1,0,0,https://www.inaturalist.org/observations/142830677,Pileate-stipitate,average,not applicable,n,n,n,n,n,n,n,not applicable,14,n
111638428,needs_id_1,needs_id,2022-04-09,2022-04-16T13:17:10Z,2022-05-04T16:21:37Z,NA,39.68192948,-0.325290598,72,NA,NA,1303228,section,NA,26959,4481274,2021-05-26T19:02:29Z,164,31,109,133,NA,0,no,0,0,1,no,802,0,0,0,1,2022,2022,Apr,Apr,NA,NA,Fungi,Basidiomycota,Agaricomycetes,Russulales,Russulaceae,Lactarius,Not identified,NA,Deliciosi,Spain,155197,0,1,3147776,species,3,2,0,https://www.inaturalist.org/observations/111638428,Pileate-stipitate,bad,not applicable,n,n,n,n,y,y,y_section,not applicable,2,n
37850145,needs_id_1,needs_id,2020-01-22,2020-01-22T18:16:08Z,2020-01-22T18:16:19Z,NA,53.84559525,-2.485525645,263,NA,NA,56318,species,NA,34062,2164486,2019-08-23T15:05:46Z,106,51,44,55,NA,0,no,0,0,0,no,1617,0,0,0,0,2020,2020,Jan,Jan,NA,NA,Fungi,Basidiomycota,Agaricomycetes,Agaricales,Psathyrellaceae,Coprinellus,micaceus,NA,Coprinellus micaceus,United Kingdom,56318,0,1,3145728,species,1,0,0,https://www.inaturalist.org/observations/37850145,Pileate-stipitate,average,not applicable,n,n,n,n,y,n,n,not applicable,0,n
65691538,needs_id_1,needs_id,2020-11-16,2020-11-27T14:12:54Z,2020-11-27T14:12:54Z,NA,41.1088,-3.49345,NA,NA,cc-by-nc,47167,order,NA,4301959,2297663,2019-09-24T08:50:26Z,10054,514,2676,9540,NA,0,no,0,0,0,no,1307,0,0,0,0,2020,2020,Nov,Nov,NA,NA,Fungi,Basidiomycota,Agaricomycetes,Agaricales,Not identified,Not identified,Not identified,NA,Agaricales,Spain,47167,0,1,3465216,order,1,0,0,https://www.inaturalist.org/observations/65691538,Pileate-stipitate,average,not applicable,n,n,n,n,y,n,n,not applicable,4,n
103877195,needs_id_6,needs_id,2021-12-27,2021-12-29T09:41:44Z,2021-12-29T09:48:59Z,NA,53.300773,-4.590925,NA,NA,cc-by-nc,118038,species,NA,13162,1003761,2018-06-03T11:47:51Z,10185,413,1377,9772,NA,0,no,0,0,0,no,910,0,0,0,0,2021,2021,Dec,Dec,NA,NA,Fungi,Basidiomycota,Agaricomycetes,Polyporales,Phanerochaetaceae,Bjerkandera,adusta,NA,Bjerkandera adusta,United Kingdom,118038,0,6,16771072,species,1,0,0,https://www.inaturalist.org/observations/103877195,Pileate-sessile,average,y,n,n,n,n,y,n,n,not applicable,1,n
188996380,needs_id_6,needs_id,2023-10-26,2023-10-26T11:57:56Z,2023-10-26T11:57:56Z,NA,48.16191315,16.33373028,335,NA,cc-by-nc,348978,species,NA,1420,6292255,2022-10-31T14:08:22Z,7672,2425,2637,5247,NA,0,no,0,0,0,no,244,0,0,0,0,2023,2023,Oct,Oct,NA,NA,Fungi,Basidiomycota,Agaricomycetes,Agaricales,Agaricaceae,Leucoagaricus,barssii,NA,Leucoagaricus barssii,Austria,348978,0,6,21114718,species,1,0,0,https://www.inaturalist.org/observations/188996380,Pileate-stipitate,good,n,n,n,y,n,y,n,n,not applicable,0,n
205925254,needs_id_6,needs_id,2024-04-07,2024-04-07T19:13:58Z,2024-04-07T19:13:58Z,NA,55.4697,37.28010833,NA,NA,cc-by-nc,123175,species,NA,28007,6800595,2023-04-29T18:29:44Z,1014,32,185,982,NA,0,no,0,0,0,no,80,0,0,0,0,2024,2024,Apr,Apr,NA,NA,Fungi,Ascomycota,Lecanoromycetes,Lecanorales,Parmeliaceae,Evernia,prunastri,NA,Evernia prunastri,Russia,123175,0,6,11520000,species,1,0,0,https://www.inaturalist.org/observations/205925254,Lichen,average,y,n,n,n,n,y,n,n,not applicable,7,n
119946822,needs_id_6,needs_id,2022-06-02,2022-06-03T00:00:53Z,2022-06-03T00:00:53Z,NA,55.826005,37.272015,NA,NA,cc-by-nc,117228,genus,NA,26962,1347991,2018-11-12T16:46:19Z,55847,850,7469,54997,NA,0,no,0,0,0,no,754,0,0,0,0,2022,2022,Jun,Jun,NA,NA,Fungi,Basidiomycota,Agaricomycetes,Agaricales,Bolbitiaceae,Conocybe,Not identified,NA,Conocybe,Russia,117228,0,6,18000000,genus,1,0,0,https://www.inaturalist.org/observations/119946822,Pileate-stipitate,good,n,n,n,y,n,y,n,n,not applicable,4,n
177544313,needs_id_6,needs_id,2023-08-09,2023-08-09T18:25:43Z,2023-08-09T19:11:09Z,NA,59.94928333,30.50670833,11,NA,cc-by,48496,genus,NA,107057,1038125,2018-06-21T16:26:57Z,2498,249,888,2249,NA,0,no,0,0,0,no,322,0,0,0,0,2023,2023,Aug,Aug,NA,NA,Fungi,Basidiomycota,Agaricomycetes,Agaricales,Pleurotaceae,Pleurotus,Not identified,NA,Pleurotus,Russia,47170,0,6,18874368,kingdom,2,1,0,https://www.inaturalist.org/observations/177544313,Pileate-stipitate,average,n,n,n,n,n,y,y,n,not applicable,2,n
190015215,needs_id_6,needs_id,2023-10-29,2023-11-05T00:07:15Z,2023-11-05T00:07:15Z,"Growing on damp mossy dark on a living Quercus, strong staining on the gills and centre of the pileus.",50.90856111,-0.2704222222,16,NA,cc-by-nc,63468,species,NA,909,6546135,2023-03-04T09:58:33Z,1687,369,537,1312,NA,0,yes,102,0,0,no,234,2,0,0,0,2023,2023,Nov,Nov,NA,NA,Fungi,Basidiomycota,Agaricomycetes,Agaricales,Mycenaceae,Mycena,maculata,NA,Mycena maculata,United Kingdom,63468,0,6,18874368,species,1,0,0,https://www.inaturalist.org/observations/190015215,Pileate-stipitate,good,n,n,n,y,n,y,n,n,not applicable,2,n
176796622,needs_id_6,needs_id,2023-08-05,2023-08-05T16:39:29Z,2023-12-09T17:19:24Z,NA,41.42211815,2.102143766,428,NA,cc-by,49490,genus,NA,249543,2361500,2019-10-13T18:59:17Z,2001,15,981,1986,NA,0,no,0,0,0,no,326,0,0,0,0,2023,2023,Aug,Aug,NA,NA,Fungi,Ascomycota,Lecanoromycetes,Lecanorales,Cladoniaceae,Cladonia,Not identified,NA,Cladonia,Spain,49490,0,6,18874368,genus,2,1,0,https://www.inaturalist.org/observations/176796622,Lichen,average,y,n,n,y,n,n,y,y_genus,not applicable,1,n
77715470,needs_id_6,needs_id,2021-05-06,2021-05-07T06:04:16Z,2021-05-07T16:14:53Z,NA,51.891995,-5.297341667,8,NA,cc-by-nc,227564,species,NA,29,1790012,2019-05-25T12:08:33Z,112686,79028,3945,33657,NA,0,no,0,0,0,no,1146,0,0,0,0,2021,2021,May,May,NA,NA,Fungi,Ascomycota,Lecanoromycetes,Pertusariales,Pertusariaceae,Pertusaria,pseudocorallina,NA,Pertusaria pseudocorallina,United Kingdom,54743,0,6,18874368,class,2,1,0,https://www.inaturalist.org/observations/77715470,Lichen,average,n,n,n,y,n,n,y,n,not applicable,6,n
72003920,needs_id_6,needs_id,2021-03-24,2021-03-25T07:28:47Z,2023-08-05T12:36:55Z,NA,52.12791383,5.1279945,NA,NA,cc0,144276,species,NA,1648,3550339,2020-09-02T12:22:49Z,55057,2156,12432,52901,NA,0,no,0,0,0,no,1189,0,0,0,0,2021,2021,Mar,Mar,NA,NA,Fungi,Ascomycota,Lecanoromycetes,Teloschistales,Teloschistaceae,Xanthoria,calcicola,NA,Xanthoria calcicola,Netherlands,144276,0,6,18874368,species,1,0,0,https://www.inaturalist.org/observations/72003920,Lichen,good,n,n,n,y,n,y,n,n,not applicable,0,n
98526689,needs_id_6,needs_id,2021-10-17,2021-10-17T19:29:30Z,2021-10-18T20:28:03Z,Гриб,55.61829397,37.32621697,NA,NA,cc-by-nc,55922,genus,NA,199590,5118411,2021-10-13T11:22:44Z,1272,1171,66,101,NA,0,yes,4,0,0,no,983,1,0,0,0,2021,2021,Oct,Oct,NA,NA,Fungi,Basidiomycota,Agaricomycetes,Agaricales,Mycenaceae,Mycena,Not identified,NA,Mycena,Russia,NA,0,6,11317248,First id by community,4,3,0,https://www.inaturalist.org/observations/98526689,Pileate-stipitate,average,y,n,n,n,n,y,y,n,not applicable,2,n
136145314,needs_id_6,needs_id,2022-09-23,2022-09-23T12:12:36Z,2022-09-23T12:13:48Z,NA,51.7996085,-4.7395763,12,NA,cc-by-nc,58699,species,open,6532,1184776,2018-09-04T20:49:28Z,3027,1223,535,1804,NA,0,no,0,0,0,no,642,0,0,0,0,2022,2022,Sep,Sep,NA,NA,Fungi,Basidiomycota,Agaricomycetes,Agaricales,Agaricaceae,Agaricus,arvensis,NA,Agaricus arvensis,United Kingdom,58699,0,6,11907072,species,1,0,0,https://www.inaturalist.org/observations/136145314,Pileate-stipitate,good,n,n,n,y,n,y,n,n,not applicable,4,n
35171942,needs_id_6,needs_id,2019-11-01,2019-11-01T18:31:57Z,2023-07-07T16:09:37Z,dav,38.68133858,-9.333868672,15,NA,cc-by-nc-sa,53490,genus,NA,90197,1138701,2018-08-13T09:26:57Z,248229,225356,2945,22873,NA,0,yes,3,0,0,no,1699,1,0,0,0,2019,2019,Nov,Nov,NA,NA,Fungi,Basidiomycota,Agaricomycetes,Boletales,Suillaceae,Suillus,Not identified,NA,Suillus,Portugal,53490,0,6,18874368,genus,1,0,0,https://www.inaturalist.org/observations/35171942,Pileate-stipitate,great,n,n,n,y,y,y,n,n,not applicable,8,n
200605057,needs_id_6,needs_id,2023-10-11,2024-02-27T10:32:29Z,2024-02-27T10:33:37Z,NA,57.828675,41.49240333,NA,NA,cc-by-nc,47167,order,NA,4354062,1480292,2019-02-18T04:13:33Z,75237,14009,6155,61228,NA,0,no,0,0,0,no,120,0,0,0,0,2024,2023,Feb,Feb,NA,NA,Fungi,Basidiomycota,Agaricomycetes,Agaricales,Not identified,Not identified,Not identified,NA,Agaricales,Russia,47167,0,6,16773120,order,1,0,0,https://www.inaturalist.org/observations/200605057,Pileate-stipitate,good,n,n,n,y,n,y,n,n,not applicable,3,n
184392909,needs_id_6,needs_id,2023-09-21,2023-09-22T15:49:44Z,2023-09-22T15:50:27Z,NA,60.318646,25.03159897,NA,NA,cc-by,48444,genus,NA,99318,1215736,2018-09-17T23:06:35Z,3115,563,725,2552,NA,0,no,0,0,0,no,278,0,0,0,0,2023,2023,Sep,Sep,NA,NA,Fungi,Basidiomycota,Agaricomycetes,Agaricales,Lycoperdaceae,Lycoperdon,Not identified,NA,Lycoperdon,Finland,48444,0,6,14131200,genus,1,0,0,https://www.inaturalist.org/observations/184392909,Gasteroid,good,y,n,n,y,n,y,n,n,not applicable,0,y
184080660,needs_id_6,needs_id,2019-05-04,2023-09-20T04:56:47Z,2024-06-12T23:37:41Z,"Es Geoscypha ampelina = Peziza queletii.
En bosque de Populus nigra.",42.21643105,-2.487236559,38,NA,NA,57372,genus,NA,23535,4405982,2021-05-14T04:07:23Z,6156,2848,1024,3308,NA,0,yes,68,0,1,yes,280,2,0,0,1,2023,2019,Sep,Sep,NA,NA,Fungi,Ascomycota,Pezizomycetes,Pezizales,Pezizaceae,Peziza,Not identified,NA,Peziza,Spain,57372,0,6,16477000,genus,1,0,0,https://www.inaturalist.org/observations/184080660,Cup fungi,great,n,y,n,y,y,y,n,n,not applicable,3,n
66350848,needs_id_6,needs_id,2020-11-10,2020-12-09T22:41:19Z,2020-12-09T22:41:19Z,NA,39.17926755,-9.04795547,122,NA,cc-by-nc,47167,order,NA,4301959,2242992,2019-09-11T17:28:58Z,5591,852,1122,4739,NA,0,no,0,0,0,no,1295,0,0,0,0,2020,2020,Dec,Dec,NA,NA,Fungi,Basidiomycota,Agaricomycetes,Agaricales,Not identified,Not identified,Not identified,NA,Agaricales,Portugal,47167,0,6,16773120,order,1,0,0,https://www.inaturalist.org/observations/66350848,Pileate-stipitate,good,n,n,n,y,n,y,n,n,not applicable,7,n
61852775,needs_id_6,needs_id,2020-10-02,2020-10-06T10:59:58Z,2020-10-06T22:32:25Z,"See the notes at https://www.biodiversity4all.org/observations/61850587
Note that only at full magnification (or in 1st photo set of the speciemns, on the sides) is possible to see the conspicuous white pseudocyphellae on the thallus.",38.73081979,-9.192892057,1983,NA,cc-by-nc,117884,genus,NA,1537,2292051,2019-09-22T19:47:08Z,19265,12323,1476,6942,NA,0,yes,235,0,0,no,1359,3,0,0,0,2020,2020,Oct,Oct,NA,NA,Fungi,Ascomycota,Eurotiomycetes,Pyrenulales,Pyrenulaceae,Pyrenula,Not identified,NA,Pyrenula,Portugal,117884,0,6,15974368,genus,1,0,1,https://www.inaturalist.org/observations/61852775,Lichen,great,n,y,n,y,n,n,n,n,not applicable,0,n
224955619,needs_id_6,needs_id,2024-06-21,2024-06-24T20:07:04Z,2024-06-25T11:56:31Z,On Silene nutans,47.79849921,15.81955119,165,NA,cc-by-nc,320859,genus,NA,3958,6292255,2022-10-31T14:08:22Z,7722,2426,2650,5296,NA,0,yes,16,0,0,no,2,1,0,0,0,2024,2024,Jun,Jun,NA,NA,Fungi,Basidiomycota,Pucciniomycetes,Pucciniales,Pucciniaceae,Uromyces,Not identified,NA,Uromyces,Austria,383913,0,6,21512192,species,2,1,0,https://www.inaturalist.org/observations/224955619,Leaf fungi,good,n,n,n,n,n,y,y,n,not applicable,0,n
177221300,needs_id_6,needs_id,2023-08-07,2023-08-07T19:25:22Z,2023-08-07T19:25:57Z,NA,47.4118439,8.6098467,NA,NA,cc-by-nc,383374,species,NA,3958,2358938,2019-10-12T20:35:13Z,2419,6,1305,2413,NA,0,no,0,0,0,no,324,0,0,0,0,2023,2023,Aug,Aug,NA,NA,Fungi,Basidiomycota,Agaricomycetes,Agaricales,Physalacriaceae,Oudemansiella,radicata,NA,Oudemansiella radicata,Switzerland,383374,0,6,11329536,species,1,0,0,https://www.inaturalist.org/observations/177221300,Pileate-stipitate,average,n,n,n,y,n,n,n,n,not applicable,0,n
225304832,needs_id_6,needs_id,2024-02-24,2024-06-26T13:57:04Z,2024-06-26T13:57:50Z,NA,53.68734084,-2.329904884,13,NA,cc-by-nc,47378,genus,NA,320478,6714137,2023-04-20T15:07:28Z,66,0,62,66,NA,0,no,0,0,1,no,0,0,0,0,1,2024,2024,Jun,Jun,NA,NA,Fungi,Basidiomycota,Agaricomycetes,Polyporales,Polyporaceae,Trametes,Not identified,NA,Trametes,United Kingdom,47378,0,6,18874368,genus,1,0,0,https://www.inaturalist.org/observations/225304832,Pileate-sessile,average,y,n,n,n,n,y,n,n,not applicable,1,n
199447230,needs_id_6,needs_id,2024-02-16,2024-02-16T11:04:14Z,2024-02-16T11:06:41Z,NA,38.59829537,-9.200911671,9,NA,cc-by-nc,417351,species,NA,792,5235170,2021-11-27T12:59:31Z,1824,17,799,1807,NA,0,no,0,0,0,no,131,0,0,0,0,2024,2024,Feb,Feb,NA,NA,Fungi,Basidiomycota,Agaricomycetes,Gomphales,Gomphaceae,Phaeoclavulina,myceliosa,NA,Phaeoclavulina myceliosa,Portugal,417351,0,6,18874368,species,1,0,0,https://www.inaturalist.org/observations/199447230,Coralloid,good,y,n,n,y,n,y,n,n,not applicable,4,n
200268307,needs_id_6,needs_id,2024-02-24,2024-02-24T11:55:34Z,2024-02-24T19:30:26Z,Found coming out of a plant pot with a money plant in on an outdoor balcony,52.20278883,0.1470138878,1005,NA,NA,498111,species,NA,709,3944611,2021-01-10T10:09:40Z,378,39,218,339,NA,0,yes,75,0,1,no,123,2,0,0,1,2024,2024,Feb,Feb,NA,NA,Fungi,Basidiomycota,Agaricomycetes,Agaricales,Entolomataceae,Entoloma,holoconiotum,NA,Entoloma holoconiotum,United Kingdom,498111,0,6,11329536,species,1,0,0,https://www.inaturalist.org/observations/200268307,Pileate-stipitate,average,y,n,n,n,n,y,n,n,not applicable,1,n
98093520,needs_id_6,needs_id,2021-10-13,2021-10-13T12:09:59Z,2021-10-22T13:53:15Z,NA,60.28334484,23.76171043,324,obscured,NA,56318,species,NA,34112,3085315,2020-05-29T09:45:24Z,3124,233,1530,2891,NA,0,no,0,0,0,no,987,0,0,0,0,2021,2021,Oct,Oct,NA,NA,Fungi,Basidiomycota,Agaricomycetes,Agaricales,Psathyrellaceae,Coprinellus,micaceus,NA,Coprinellus micaceus,Finland,NA,0,6,18874368,First id by community,3,2,0,https://www.inaturalist.org/observations/98093520,Pileate-stipitate,good,n,n,n,y,n,y,y,y_family,not applicable,0,n
66696611,needs_id_6,needs_id,2020-12-17,2020-12-17T14:30:34Z,2020-12-17T14:30:34Z,NA,42.23322117,-8.362275184,2,NA,NA,48532,genus,NA,48338,1168374,2018-08-28T16:30:21Z,4414,2264,721,2148,NA,0,no,0,1,0,no,1287,0,0,1,0,2020,2020,Dec,Dec,NA,NA,Fungi,Basidiomycota,Tremellomycetes,Tremellales,Tremellaceae,Tremella,Not identified,NA,Tremella,Spain,48532,0,6,4196352,genus,1,0,0,https://www.inaturalist.org/observations/66696611,Tremelloid,good,y,n,n,y,n,y,n,n,not applicable,1,n
222640643,needs_id_6,needs_id,2024-06-14,2024-06-14T13:52:52Z,2024-06-14T14:01:47Z,NA,48.1370865,22.76348871,15,NA,cc-by-nc,824011,species,NA,577,7007622,2023-06-08T11:47:26Z,118,23,84,95,NA,0,no,0,0,0,no,12,0,0,0,0,2024,2024,Jun,Jun,NA,NA,Fungi,Basidiomycota,Agaricomycetes,Boletales,Boletaceae,Leccinellum,pseudoscabrum,NA,Leccinellum pseudoscabrum,Ukraine,824011,0,6,11280384,species,1,0,0,https://www.inaturalist.org/observations/222640643,Pileate-stipitate,average,y,n,n,n,n,y,n,n,not applicable,0,n
187675823,needs_id_6,needs_id,2023-10-13,2023-10-15T19:22:41Z,2023-10-15T19:22:41Z,NA,50.87355,-0.1167888889,8,NA,cc-by-nc,55922,genus,NA,202301,6546135,2023-03-04T09:58:33Z,1687,369,537,1312,NA,0,no,0,0,0,no,255,0,0,0,0,2023,2023,Oct,Oct,NA,NA,Fungi,Basidiomycota,Agaricomycetes,Agaricales,Mycenaceae,Mycena,Not identified,NA,Mycena,United Kingdom,55922,0,6,18874368,genus,1,0,0,https://www.inaturalist.org/observations/187675823,Pileate-stipitate,good,n,n,n,y,n,y,n,n,not applicable,1,n
157196430,needs_id_6,needs_id,2023-04-28,2023-04-28T17:00:25Z,2023-04-28T17:01:16Z,All seen on walk from Disley to Whaley Bridge across Whaley Moor,53.34583074,-2.000171877,1003,NA,NA,179037,species,NA,12678,6740387,2023-04-24T20:17:58Z,10,0,6,10,NA,0,yes,64,0,0,no,425,2,0,0,0,2023,2023,Apr,Apr,NA,NA,Fungi,Ascomycota,Lecanoromycetes,Lecanorales,Cladoniaceae,Cladonia,fimbriata,NA,Cladonia fimbriata,United Kingdom,179037,0,6,18874368,species,1,0,0,https://www.inaturalist.org/observations/157196430,Lichen,average,photos of different organisms,n,n,n,n,y,n,n,not applicable,0,n
35699481,needs_id_6,needs_id,2019-11-11,2019-11-15T12:34:35Z,2019-11-15T12:36:19Z,NA,41.1579438,-8.6291053,7118,NA,cc-by-nc,179125,species,NA,11778,2433751,2019-11-11T20:47:35Z,26,9,11,17,NA,0,no,0,0,0,no,1685,0,0,0,0,2019,2019,Nov,Nov,NA,NA,Fungi,Basidiomycota,Agaricomycetes,Agaricales,Agaricaceae,Leucoagaricus,leucothites,NA,Leucoagaricus leucothites,Portugal,179125,0,6,15028088,species,1,0,0,https://www.inaturalist.org/observations/35699481,Pileate-stipitate,good,n,n,n,y,y,n,n,n,not applicable,0,n
148603424,needs_id_6,needs_id,2023-02-12,2023-02-12T13:58:45Z,2023-02-12T13:59:20Z,NA,38.73593519,-9.181132306,NA,NA,cc-by-nc,47378,genus,NA,318613,5911412,2022-07-12T21:48:49Z,2772,13,1553,2759,NA,0,no,0,0,0,no,500,0,0,0,0,2023,2023,Feb,Feb,NA,NA,Fungi,Basidiomycota,Agaricomycetes,Polyporales,Polyporaceae,Trametes,Not identified,NA,Trametes,Portugal,47378,0,6,11341824,genus,1,0,0,https://www.inaturalist.org/observations/148603424,Pileate-sessile,good,n,n,n,y,n,y,n,n,not applicable,0,n
181638749,needs_id_6,needs_id,2023-09-03,2023-09-03T21:36:31Z,2024-01-05T20:19:04Z,NA,54.14720865,-0.1687927544,141,NA,cc-by-nc,1432284,species,NA,3,4426829,2021-05-17T20:53:42Z,2975,40,1324,2935,NA,0,no,0,0,0,no,297,0,0,0,0,2023,2023,Sep,Sep,NA,NA,Fungi,Ascomycota,Sordariomycetes,Xylariales,Hypoxylaceae,Hypoxylon,subticinense,NA,Hypoxylon subticinense,United Kingdom,1432284,0,6,18000000,species,1,0,0,https://www.inaturalist.org/observations/181638749,Corticioid,good,y,n,n,y,n,y,n,n,not applicable,3,n
52366299,needs_id_6,needs_id,2020-07-08,2020-07-08T14:17:06Z,2020-07-10T13:34:10Z,NA,55.18548931,30.20670131,40,NA,cc-by-nc,410641,species,NA,19613,3256173,2020-06-28T17:31:15Z,72,0,64,72,NA,0,no,0,0,0,no,1449,0,0,0,0,2020,2020,Jul,Jul,NA,NA,Fungi,Basidiomycota,Agaricomycetes,Polyporales,Polyporaceae,Trametes,gibbosa,NA,Trametes gibbosa,Belarus,410641,0,6,18874368,species,1,0,3,https://www.inaturalist.org/observations/52366299,Pileate-sessile,good,n,n,n,y,n,y,y,n,not applicable,0,n
191377095,needs_id_6,needs_id,2023-11-18,2023-11-18T16:42:00Z,2023-11-18T16:42:53Z,NA,52.54899722,-1.913447222,NA,NA,NA,48521,species,NA,16610,7588478,2023-11-06T20:36:46Z,98,0,57,98,NA,0,no,0,0,0,no,221,0,0,0,0,2023,2023,Nov,Nov,NA,NA,Fungi,Basidiomycota,Agaricomycetes,Agaricales,Psathyrellaceae,Coprinopsis,atramentaria,NA,Coprinopsis atramentaria,United Kingdom,48521,0,6,18874368,species,1,0,0,https://www.inaturalist.org/observations/191377095,Pileate-stipitate,good,n,n,n,y,y,y,n,n,not applicable,0,n
186846887,needs_id_6,needs_id,2023-09-09,2023-10-09T13:44:29Z,2023-10-09T13:44:29Z,NA,56.10343056,44.51614445,4,NA,cc-by-nc,340979,species,NA,703,7038206,2023-06-15T12:40:08Z,3142,75,1125,3067,NA,0,no,0,0,0,no,261,0,0,0,0,2023,2023,Oct,Oct,NA,NA,Fungi,Basidiomycota,Agaricomycetes,Agaricales,Clitocybaceae,Collybia,cirrhata,NA,Collybia cirrhata,Russia,340979,0,6,18874368,species,1,0,0,https://www.inaturalist.org/observations/186846887,Pileate-stipitate,average,y,n,n,n,n,y,n,n,not applicable,10,n
67269842,needs_id_6,needs_id,2020-12-29,2020-12-29T22:02:20Z,2020-12-30T21:52:26Z,NA,45.31893578,17.76392598,3,NA,NA,123175,species,NA,27788,2396439,2019-10-26T09:59:51Z,32401,810,4216,31591,NA,0,no,0,0,0,no,1275,0,0,0,0,2020,2020,Dec,Dec,NA,NA,Fungi,Ascomycota,Lecanoromycetes,Lecanorales,Parmeliaceae,Evernia,prunastri,NA,Evernia prunastri,Croatia,123175,0,6,18173952,species,1,0,0,https://www.inaturalist.org/observations/67269842,Lichen,good,y,n,n,n,n,y,n,n,not applicable,0,n
52268861,needs_id_6,needs_id,2020-07-05,2020-07-07T15:59:16Z,2020-07-07T16:00:05Z,NA,47.215395,9.369721667,NA,NA,NA,118240,species,NA,21681,2905795,2020-05-04T17:09:39Z,555,0,422,555,NA,0,no,0,0,0,no,1450,0,0,0,0,2020,2020,Jul,Jul,NA,NA,Fungi,Basidiomycota,Agaricomycetes,Agaricales,Marasmiaceae,Marasmius,oreades,NA,Marasmius oreades,Switzerland,118240,0,6,18874368,species,1,0,0,https://www.inaturalist.org/observations/52268861,Pileate-stipitate,average,n,n,n,n,n,y,n,n,not applicable,0,n
174889361,needs_id_6,needs_id,2023-07-25,2023-07-25T16:42:30Z,2023-11-18T17:23:10Z,NA,53.52633496,-2.296894938,1129,NA,cc-by-nc,48339,genus,NA,279464,6093208,2022-09-01T18:48:00Z,1970,557,644,1413,NA,0,no,0,0,0,no,337,0,0,0,0,2023,2023,Jul,Jul,NA,NA,Fungi,Basidiomycota,Agaricomycetes,Russulales,Russulaceae,Russula,Not identified,NA,Russula,United Kingdom,210270,0,6,18874368,species,2,0,0,https://www.inaturalist.org/observations/174889361,Pileate-stipitate,average,y,n,n,n,n,y,n,n,not applicable,0,n
129707085,needs_id_6,needs_id,2022-08-06,2022-08-06T17:59:57Z,2023-07-08T09:29:17Z,NA,55.83758926,52.46609497,NA,NA,cc-by,48419,genus,NA,468566,1983490,2019-07-13T20:54:53Z,1990,826,537,1164,NA,0,no,0,0,0,no,690,0,0,0,0,2022,2022,Aug,Aug,NA,NA,Fungi,Basidiomycota,Agaricomycetes,Agaricales,Amanitaceae,Amanita,Not identified,NA,Amanita,Russia,48419,0,6,18874368,genus,2,1,0,https://www.inaturalist.org/observations/129707085,Pileate-stipitate,good,n,n,n,y,n,y,y,y_genus,not applicable,2,n
162009789,needs_id_6,needs_id,2018-09-17,2023-05-16T18:14:21Z,2023-05-16T18:14:21Z,cof,46.94665207,15.89620808,15,NA,cc-by-nc,1433738,section,NA,511,6578518,2023-03-16T12:50:04Z,22431,1636,4183,20795,NA,0,yes,3,0,0,no,407,1,0,0,0,2023,2018,May,May,NA,NA,Fungi,Basidiomycota,Agaricomycetes,Agaricales,Cortinariaceae,Phlegmacium,Not identified,NA,Phlegmacioida,Austria,1433738,0,6,18874368,section,1,0,0,https://www.inaturalist.org/observations/162009789,Pileate-stipitate,good,y,n,n,y,y,y,n,n,not applicable,0,n
70550479,needs_id_6,needs_id,2021-03-04,2021-03-04T12:17:28Z,2021-03-04T12:18:12Z,NA,48.483589,19.11921697,NA,NA,cc-by-nc,54573,species,NA,55250,4015128,2021-02-11T12:34:31Z,113,0,82,113,NA,0,no,0,0,0,no,1210,0,0,0,0,2021,2021,Mar,Mar,NA,NA,Fungi,Basidiomycota,Agaricomycetes,Agaricales,Schizophyllaceae,Schizophyllum,commune,NA,Schizophyllum commune,Slovakia,54573,0,6,18874368,species,1,0,0,https://www.inaturalist.org/observations/70550479,Pileate-sessile,average,y,n,n,n,n,y,n,n,not applicable,1,y
155402974,needs_id_6,needs_id,2023-04-16,2023-04-18T00:11:01Z,2023-04-18T00:11:01Z,NA,47.23258333,6.017536111,5,NA,cc-by-nc,704923,variety,NA,3,4013680,2021-02-10T19:28:33Z,34571,19128,2344,15443,NA,0,no,0,0,0,no,435,0,0,0,0,2023,2023,Apr,Apr,NA,NA,Fungi,Ascomycota,Lecanoromycetes,Peltigerales,Collemataceae,Enchylium,tenax,tenax,Enchylium tenax tenax,France,704923,0,6,18874368,variety,1,0,0,https://www.inaturalist.org/observations/155402974,Lichen,good,n,n,n,y,n,y,n,n,not applicable,3,n
91744610,needs_id_6,needs_id,2021-08-19,2021-08-19T14:36:22Z,2021-08-19T14:37:11Z,NA,63.78417967,20.33777997,NA,NA,cc-by-nc,62484,genus,NA,40181,4479472,2021-05-26T13:47:50Z,4844,1478,919,3366,NA,0,no,0,0,0,no,1042,0,0,0,0,2021,2021,Aug,Aug,NA,NA,Fungi,Basidiomycota,Agaricomycetes,Agaricales,Tricholomataceae,Tricholoma,Not identified,NA,Tricholoma,Sweden,62484,0,6,18874368,genus,1,0,0,https://www.inaturalist.org/observations/91744610,Pileate-stipitate,good,n,n,n,y,n,y,n,n,not applicable,0,n
190712017,needs_id_6,needs_id,2023-11-10,2023-11-11T20:08:59Z,2023-11-12T12:04:53Z,"On Hazel, Corylus avellana - yellow soralia, marginal and laminal; pseudocyphellae yellow; medulla white. A delight to find!",53.09096358,-9.22915449,NA,NA,cc-by-nc,700475,species,NA,197,5702122,2022-05-20T07:41:31Z,17070,2954,3422,14116,NA,0,yes,124,2,0,no,228,2,0,1,0,2023,2023,Nov,Nov,NA,NA,Fungi,Ascomycota,Lecanoromycetes,Peltigerales,Lobariaceae,Pseudocyphellaria,citrina,NA,Pseudocyphellaria citrina,Ireland,179761,0,6,17553840,species,2,0,1,https://www.inaturalist.org/observations/190712017,Lichen,good,n,n,n,y,n,y,y,n,not applicable,1,n
139210903,needs_id_6,needs_id,2022-10-13,2022-10-18T09:50:47Z,2023-02-25T09:36:09Z,NA,55.91071899,37.62455247,180,NA,cc0,785516,suborder,NA,721761,2992263,2020-05-17T19:48:41Z,6708,2820,1101,3888,NA,0,no,0,0,1,no,617,0,0,0,1,2022,2022,Oct,Oct,NA,NA,Fungi,Basidiomycota,Agaricomycetes,Agaricales,Not identified,Not identified,Not identified,NA,Marasmiineae,Russia,55922,0,6,15263172,genus,4,2,0,https://www.inaturalist.org/observations/139210903,Pileate-stipitate,good,n,n,n,y,n,n,y,y_suborder,n,4,n
140368210,needs_id_6,needs_id,2022-10-28,2022-10-29T12:30:51Z,2023-08-19T22:32:07Z,NA,38.7569685,-9.1561822,NA,NA,NA,119985,genus,NA,29602,2623431,2020-03-04T23:14:01Z,47906,22556,2656,25341,NA,0,no,0,0,0,no,606,0,0,0,0,2022,2022,Oct,Oct,NA,NA,Fungi,Basidiomycota,Agaricomycetes,Agaricales,Agaricaceae,Leucoagaricus,Not identified,NA,Leucoagaricus,Portugal,47169,0,6,11341824,phylum,2,0,2,https://www.inaturalist.org/observations/140368210,Pileate-stipitate,good,n,n,n,y,n,y,y,n,not applicable,2,n
62475814,needs_id_6,needs_id,2015-09-20,2020-10-13T12:01:17Z,2020-10-13T14:43:08Z,"La localisation n'est pas précise, ces champignons ont été observés lors d'une randonnée en boucle près des Gorges de l'Orgon. J'essaierai de améliorer la précision.

La forêt est composée principalement de Abies et Fagus sylvatica.",44.05822469,3.590848657,1081,NA,cc-by-nc,55930,genus,NA,94430,3475604,2020-08-17T09:32:50Z,32605,20186,2023,12419,NA,0,yes,232,0,0,no,1352,3,0,0,0,2020,2015,Oct,Oct,NA,NA,Fungi,Basidiomycota,Agaricomycetes,Agaricales,Physalacriaceae,Armillaria,Not identified,NA,Armillaria,France,55930,0,6,16547840,genus,1,0,0,https://www.inaturalist.org/observations/62475814,Pileate-stipitate,good,n,n,n,y,y,y,n,n,not applicable,1,n
64783115,needs_id_6,needs_id,2020-11-09,2020-11-13T09:42:19Z,2020-11-13T09:42:19Z,NA,50.418807,30.5657485,3,NA,cc-by-nc,118170,species,NA,6944,3189908,2020-06-16T18:57:15Z,35110,755,4503,34355,NA,0,no,0,0,0,no,1321,0,0,0,0,2020,2020,Nov,Nov,NA,NA,Fungi,Basidiomycota,Agaricomycetes,Hymenochaetales,Rickenellaceae,Rickenella,fibula,NA,Rickenella fibula,Ukraine,118170,0,6,20234240,species,1,0,0,https://www.inaturalist.org/observations/64783115,Pileate-stipitate,good,y,n,n,y,n,y,n,n,not applicable,3,n
142927520,needs_id_6,needs_id,2022-11-25,2022-11-26T16:43:16Z,2022-11-26T16:43:16Z,NA,48.42757638,14.78226333,NA,NA,cc-by-nc,416512,family,NA,193377,2467347,2019-11-29T22:10:51Z,19442,70,2917,19372,NA,0,no,0,0,0,no,578,0,0,0,0,2022,2022,Nov,Nov,NA,NA,Fungi,Basidiomycota,Agaricomycetes,Agaricales,Hymenogastraceae,Not identified,Not identified,NA,Hymenogastraceae,Austria,416512,0,6,16773120,family,1,0,0,https://www.inaturalist.org/observations/142927520,Pileate-stipitate,good,n,n,n,y,n,y,n,n,not applicable,0,n
102875640,needs_id_6,needs_id,2021-10-03,2021-12-11T16:48:33Z,2023-12-10T14:20:24Z,NA,44.76724622,20.43309019,NA,NA,cc-by,48496,genus,NA,105697,4106449,2021-03-15T10:17:28Z,1835,791,470,1044,NA,0,no,0,3,0,no,928,0,0,1,0,2021,2021,Dec,Dec,NA,NA,Fungi,Basidiomycota,Agaricomycetes,Agaricales,Pleurotaceae,Pleurotus,Not identified,NA,Pleurotus,Serbia,48496,0,6,14155776,genus,1,0,0,https://www.inaturalist.org/observations/102875640,Pileate-stipitate,average,y,n,n,y,n,y,n,n,not applicable,0,y
110781772,needs_id_6,needs_id,2022-04-03,2022-04-08T20:33:01Z,2022-04-08T20:33:01Z,Bd,37.63809722,-7.6647,25,NA,cc-by-nc,1150684,species,NA,36,4013680,2021-02-10T19:28:33Z,34571,19128,2344,15443,NA,0,yes,2,1,0,no,810,1,0,1,0,2022,2022,Apr,Apr,NA,NA,Fungi,Ascomycota,Lecanoromycetes,Lecanorales,Squamarinaceae,Squamarina,concrescens,NA,Squamarina concrescens,Portugal,1150684,0,6,4718592,species,1,0,0,https://www.inaturalist.org/observations/110781772,Lichen,good,y,n,n,y,n,y,n,n,not applicable,4,n
197466720,needs_id_6,needs_id,2023-09-02,2024-01-24T16:06:45Z,2024-04-03T20:57:04Z,NA,47.34935617,15.42660881,28,NA,cc-by-nc,55930,genus,NA,95004,4567818,2021-06-11T10:10:27Z,8914,6,2739,8908,NA,0,no,0,0,0,no,154,0,0,0,0,2024,2023,Jan,Jan,NA,NA,Fungi,Basidiomycota,Agaricomycetes,Agaricales,Physalacriaceae,Armillaria,Not identified,NA,Armillaria,Austria,50814,0,6,22454272,class,3,2,0,https://www.inaturalist.org/observations/197466720,Pileate-stipitate,average,n,n,n,y,n,y,y,y_genus,not applicable,0,n
116310137,research_1,research,2022-05-08,2022-05-09T18:13:55Z,2022-05-09T19:41:07Z,NA,49.582993,27.81144197,5,NA,cc-by-nc,54734,species,NA,31924,1371261,2018-11-28T23:34:25Z,68260,34206,2809,34054,http://www.gbif.org/occurrence/3772555666,0,no,0,0,0,no,779,0,0,0,0,2022,2022,May,May,NA,NA,Fungi,Ascomycota,Lecanoromycetes,Lecanorales,Parmeliaceae,Parmelia,sulcata,NA,Parmelia sulcata,Ukraine,54734,1,1,3145728,species,3,2,0,https://www.inaturalist.org/observations/116310137,Lichen,average,not applicable,n,n,n,n,y,y,n,y_species,6,n
16738222,research_1,research,2018-09-20,2018-09-21T02:55:24Z,2023-01-13T11:17:30Z,NA,66.43236698,24.94272018,3,NA,cc-by-nc,194460,species,NA,525,614374,2017-09-03T19:28:24Z,202759,176929,3028,25830,http://www.gbif.org/occurrence/2238776732,0,no,0,0,0,no,2105,0,0,0,0,2018,2018,Sep,Sep,NA,NA,Fungi,Basidiomycota,Agaricomycetes,Agaricales,Tricholomataceae,Tricholoma,portentosum,NA,Tricholoma portentosum,Finland,194460,1,1,3145728,species,4,3,0,https://www.inaturalist.org/observations/16738222,Pileate-stipitate,bad,not applicable,n,n,n,n,y,y,n,y_species,1,n
131075513,research_1,research,2021-07-27,2022-08-16T15:14:45Z,2023-07-08T09:12:08Z,NA,47.58466721,-2.699711084,NA,NA,cc-by,117943,species,open,45455,1419332,2019-01-08T18:30:20Z,628,2,443,626,http://www.gbif.org/occurrence/4067249607,0,no,0,0,0,no,680,0,0,0,0,2022,2021,Aug,Aug,NA,NA,Fungi,Ascomycota,Lecanoromycetes,Lecanorales,Parmeliaceae,Flavoparmelia,caperata,NA,Flavoparmelia caperata,France,117943,1,1,3145728,species,2,1,0,https://www.inaturalist.org/observations/131075513,Lichen,bad,not applicable,n,n,n,n,y,y,n,y_species,0,n
146473109,research_1,research,2020-08-22,2023-01-13T16:47:54Z,2023-10-30T14:47:29Z,NA,50.44444444,7.368333333,NA,NA,cc-by,53713,species,NA,48239,5517967,2022-04-15T22:01:38Z,19376,9259,2464,10117,http://www.gbif.org/occurrence/4018174095,0,no,0,0,0,no,530,0,0,0,0,2023,2020,Jan,Jan,NA,NA,Fungi,Basidiomycota,Agaricomycetes,Polyporales,Laetiporaceae,Laetiporus,sulphureus,NA,Laetiporus sulphureus,Germany,53713,1,1,3048192,species,2,1,0,https://www.inaturalist.org/observations/146473109,Pileate-sessile,average,not applicable,n,n,n,n,y,y,n,y_species,1,n
207361431,research_1,research,2024-04-15,2024-04-15T09:11:55Z,2024-04-15T10:50:43Z,NA,60.19353167,24.00009167,4,NA,NA,559111,species,NA,2115,7963672,2024-04-11T10:41:57Z,10,0,6,10,NA,0,no,0,0,0,no,72,0,0,0,0,2024,2024,Apr,Apr,NA,NA,Fungi,Basidiomycota,Agaricomycetes,Hymenochaetales,Hymenochaetaceae,Mensularia,radiata,NA,Mensularia radiata,Finland,NA,1,1,3145728,First id by community,2,1,0,https://www.inaturalist.org/observations/207361431,Pileate-sessile,bad,not applicable,n,n,n,n,n,y,n,y_species,0,n
146725113,research_1,research,2022-04-28,2023-01-16T23:56:49Z,2023-01-17T20:41:00Z,NA,55.84115995,37.70898066,15,NA,cc-by-nc,127510,species,NA,38904,1467478,2019-02-09T21:48:11Z,56991,237,3784,56754,http://www.gbif.org/occurrence/4018624374,0,no,0,0,0,no,527,0,0,0,0,2023,2022,Jan,Jan,NA,NA,Fungi,Basidiomycota,Agaricomycetes,Polyporales,Polyporaceae,Fomes,fomentarius,NA,Fomes fomentarius,Russia,127510,1,1,2795520,species,2,1,0,https://www.inaturalist.org/observations/146725113,Pileate-sessile,good,not applicable,n,n,n,n,y,y,n,y_species,9,n
224446650,research_1,research,2024-06-22,2024-06-22T18:02:35Z,2024-06-23T16:24:20Z,NA,52.34452162,14.40704936,32,NA,cc-by-nc,970750,species,NA,111,7911453,2024-03-27T17:40:30Z,462,0,239,462,NA,2,no,0,0,0,no,4,0,1,0,0,2024,2024,Jun,Jun,NA,NA,Fungi,Ascomycota,Sordariomycetes,Xylariales,Diatrypaceae,Diatrypella,favacea,NA,Diatrypella favacea,Germany,NA,1,1,3145728,First id by community,2,1,0,https://www.inaturalist.org/observations/224446650,Perithecium,bad,not applicable,n,n,n,n,y,y,n,y_species,0,n
66695138,research_1,research,2020-12-17,2020-12-17T13:23:25Z,2020-12-17T15:23:43Z,NA,51.56024417,0.0256908333,NA,NA,cc-by-nc,55267,species,NA,19518,3604028,2020-09-13T19:09:50Z,420,0,314,420,http://www.gbif.org/occurrence/3005094154,0,no,0,0,0,no,1287,0,0,0,0,2020,2020,Dec,Dec,NA,NA,Fungi,Ascomycota,Sordariomycetes,Xylariales,Xylariaceae,Xylaria,hypoxylon,NA,Xylaria hypoxylon,United Kingdom,55267,1,1,3813376,species,3,2,0,https://www.inaturalist.org/observations/66695138,Xylarioid,good,not applicable,n,n,y,n,y,y,n,y_species,0,n
204884119,research_1,research,2024-04-01,2024-04-01T07:14:05Z,2024-04-03T07:43:16Z,NA,51.09535662,8.89114852,9,NA,cc-by-nc,124439,species,NA,12292,7916653,2024-03-29T15:53:36Z,59,1,53,58,http://www.gbif.org/occurrence/4606815208,0,no,0,0,0,no,86,0,0,0,0,2024,2024,Apr,Apr,NA,NA,Fungi,Ascomycota,Lecanoromycetes,Caliciales,Physciaceae,Physcia,adscendens,NA,Physcia adscendens,Germany,117887,1,1,3145728,genus,3,2,0,https://www.inaturalist.org/observations/204884119,Lichen,bad,not applicable,n,n,n,n,y,y,n,y_genus,0,n
48343814,research_1,research,2020-06-03,2020-06-03T15:39:22Z,2020-06-07T10:17:39Z,NA,50.94659225,-1.343782921,128,NA,cc-by-nc,54758,species,NA,10616,3082039,2020-05-28T19:38:40Z,99,3,67,96,http://www.gbif.org/occurrence/2634108288,0,no,0,0,0,no,1484,0,0,0,0,2020,2020,Jun,Jun,NA,NA,Fungi,Ascomycota,Lecanoromycetes,Lecanorales,Ramalinaceae,Ramalina,farinacea,NA,Ramalina farinacea,United Kingdom,54758,1,1,3145728,species,2,1,0,https://www.inaturalist.org/observations/48343814,Lichen,average,not applicable,n,n,n,n,y,y,n,y_species,1,n
95310396,research_1,research,2021-09-17,2021-09-18T20:20:40Z,2022-04-23T04:46:41Z,NA,53.06033617,6.698841667,5,NA,NA,940028,species,NA,54622,1255212,2018-10-04T11:23:33Z,1657,253,965,1404,NA,0,no,0,0,0,no,1012,0,0,0,0,2021,2021,Sep,Sep,NA,NA,Fungi,Basidiomycota,Agaricomycetes,Polyporales,Polyporaceae,Cerioporus,squamosus,NA,Cerioporus squamosus,Netherlands,940028,1,1,3145728,species,2,1,0,https://www.inaturalist.org/observations/95310396,Pileate-sessile,average,not applicable,n,n,n,n,y,y,n,y_species,0,n
97814759,research_1,research,2021-10-10,2021-10-10T20:16:53Z,2022-06-09T08:11:45Z,NA,38.23072755,-1.392089015,2109,NA,NA,332463,species,NA,702,567991,2017-08-07T16:58:21Z,5,0,2,5,NA,0,no,0,0,0,no,990,0,0,0,0,2021,2021,Oct,Oct,NA,NA,Fungi,Basidiomycota,Agaricomycetes,Agaricales,Amanitaceae,Amanita,ovoidea,NA,Amanita ovoidea,Spain,NA,1,1,3145728,First id by community,3,2,0,https://www.inaturalist.org/observations/97814759,Pileate-stipitate,bad,not applicable,n,n,n,n,y,y,n,n,0,n
34575213,research_1,research,2019-10-19,2019-10-19T10:19:48Z,2019-10-19T15:35:45Z,NA,55.27331551,11.94296143,192,NA,NA,55899,species,NA,9670,2935,2011-09-15T15:14:16Z,13660,10368,1389,3292,NA,0,no,0,0,0,no,1712,0,0,0,0,2019,2019,Oct,Oct,NA,NA,Fungi,Basidiomycota,Agaricomycetes,Agaricales,Hydnangiaceae,Laccaria,amethystina,NA,Laccaria amethystina,Denmark,55899,1,1,3145728,species,2,1,0,https://www.inaturalist.org/observations/34575213,Pileate-stipitate,good,not applicable,n,n,y,n,y,y,n,y_species,1,n
83307768,research_1,research,2021-06-16,2021-06-16T20:36:05Z,2021-06-21T05:25:53Z,NA,50.9256935,3.897636917,NA,NA,cc-by-nc,940028,species,NA,54605,2194162,2019-08-30T19:11:11Z,6,0,4,6,http://www.gbif.org/occurrence/3314468578,0,no,0,0,0,no,1106,0,0,0,0,2021,2021,Jun,Jun,NA,NA,Fungi,Basidiomycota,Agaricomycetes,Polyporales,Polyporaceae,Cerioporus,squamosus,NA,Cerioporus squamosus,Belgium,940028,1,1,3776512,species,2,1,0,https://www.inaturalist.org/observations/83307768,Pileate-sessile,good,not applicable,n,n,n,n,y,y,n,y_species,0,n
33250282,research_1,research,2019-09-23,2019-09-23T10:43:33Z,2022-12-14T18:08:45Z,NA,52.71190946,23.8040444,5,NA,cc-by-nc,1098280,species,NA,22906,2278466,2019-09-19T09:49:15Z,703,84,277,619,http://www.gbif.org/occurrence/2423203230,0,no,0,0,0,no,1738,0,0,0,0,2019,2019,Sep,Sep,NA,NA,Fungi,Basidiomycota,Agaricomycetes,Polyporales,Fomitopsidaceae,Fomitopsis,pinicola,NA,Fomitopsis pinicola,Poland,NA,1,1,2355200,First id by community,5,2,0,https://www.inaturalist.org/observations/33250282,Pileate-sessile,bad,not applicable,n,n,n,n,y,y,n,n,2,n
141299979,research_1,research,2022-11-05,2022-11-06T20:19:37Z,2022-11-06T20:28:50Z,NA,56.38661423,9.352343142,NA,NA,cc-by-nc,127510,species,NA,38872,2341907,2019-10-07T09:21:36Z,577,0,376,577,http://www.gbif.org/occurrence/3963522168,0,no,0,0,0,no,598,0,0,0,0,2022,2022,Nov,Nov,NA,NA,Fungi,Basidiomycota,Agaricomycetes,Polyporales,Polyporaceae,Fomes,fomentarius,NA,Fomes fomentarius,Denmark,127510,1,1,3145728,species,2,1,0,https://www.inaturalist.org/observations/141299979,Pileate-sessile,good,not applicable,n,n,n,n,y,y,n,y_species,0,n
189124373,research_1,research,2023-10-27,2023-10-27T15:32:27Z,2023-12-09T16:51:25Z,NA,48.657598,9.106025972,NA,NA,cc-by-nc,55267,species,NA,19655,5804916,2022-06-12T21:41:10Z,2438,281,1109,2157,http://www.gbif.org/occurrence/4465601264,0,no,0,0,0,no,243,0,0,0,0,2023,2023,Oct,Oct,NA,NA,Fungi,Ascomycota,Sordariomycetes,Xylariales,Xylariaceae,Xylaria,hypoxylon,NA,Xylaria hypoxylon,Germany,55267,1,1,3153920,species,2,1,0,https://www.inaturalist.org/observations/189124373,Xylarioid,average,not applicable,n,n,n,n,y,y,n,y_species,1,n
136272221,research_1,research,2022-09-24,2022-09-24T13:32:25Z,2022-09-25T17:41:32Z,NA,56.06142072,9.198728185,4,NA,cc-by-nc,48715,species,NA,95348,5065415,2021-09-29T06:48:15Z,25,0,15,25,http://www.gbif.org/occurrence/3915645569,0,no,0,0,0,no,641,0,0,0,0,2022,2022,Sep,Sep,NA,NA,Fungi,Basidiomycota,Agaricomycetes,Agaricales,Amanitaceae,Amanita,muscaria,NA,Amanita muscaria,Denmark,48715,1,1,3145728,species,2,1,0,https://www.inaturalist.org/observations/136272221,Pileate-stipitate,average,not applicable,n,n,n,n,n,y,n,y_species,0,n
129736524,research_1,research,2022-08-06,2022-08-06T21:41:39Z,2023-01-18T18:33:41Z,NA,45.8821787,12.44762927,15,NA,cc-by,1409663,species,NA,1570,4191375,2021-04-07T14:43:31Z,25949,23862,821,2087,http://www.gbif.org/occurrence/3889213380,1,no,0,0,0,no,690,0,1,0,0,2022,2022,Aug,Aug,NA,NA,Fungi,Basidiomycota,Ustilaginomycetes,Ustilaginales,Ustilaginaceae,Mycosarcoma,maydis,NA,Mycosarcoma maydis,Italy,151802,1,1,2361344,species,9,4,0,https://www.inaturalist.org/observations/129736524,Smut,good,not applicable,n,n,n,n,y,y,n,y_species,2,n
95525489,research_1,research,2021-09-20,2021-09-20T11:58:12Z,2022-01-03T02:48:42Z,NA,56.22945261,10.58296019,4,NA,NA,63027,species,NA,9072,5019815,2021-09-19T13:39:04Z,20,0,17,20,NA,0,no,0,0,0,no,1010,0,0,0,0,2021,2021,Sep,Sep,NA,NA,Fungi,Basidiomycota,Agaricomycetes,Agaricales,Amanitaceae,Amanita,fulva,NA,Amanita fulva,Denmark,63027,1,1,3145728,species,2,1,0,https://www.inaturalist.org/observations/95525489,Pileate-stipitate,bad,not applicable,n,n,n,n,y,y,n,y_species,0,n
14391568,research_1,research,2018-07-15,2018-07-15T20:12:43Z,2022-03-17T11:35:47Z,NA,49.3254509,11.35900593,NA,NA,cc-by-nc,123175,species,NA,27756,932299,2018-05-02T06:09:54Z,2669,28,787,2641,http://www.gbif.org/occurrence/3742983308,0,no,0,0,0,no,2173,0,0,0,0,2018,2018,Jul,Jul,NA,NA,Fungi,Ascomycota,Lecanoromycetes,Lecanorales,Parmeliaceae,Evernia,prunastri,NA,Evernia prunastri,Germany,123175,1,1,3145728,species,2,1,0,https://www.inaturalist.org/observations/14391568,Lichen,average,not applicable,n,n,n,n,y,y,n,y_species,0,n
88235498,research_1,research,2021-07-23,2021-07-23T09:59:32Z,2021-07-30T16:32:13Z,NA,48.06597137,7.051237106,NA,NA,NA,67661,species,NA,21840,3429648,2020-08-06T06:46:01Z,403,68,260,335,NA,0,no,0,0,0,no,1069,0,0,0,0,2021,2021,Jul,Jul,NA,NA,Fungi,Basidiomycota,Agaricomycetes,Agaricales,Amanitaceae,Amanita,rubescens,NA,Amanita rubescens,France,67661,1,1,3145728,species,2,1,0,https://www.inaturalist.org/observations/88235498,Pileate-stipitate,bad,not applicable,n,n,n,n,y,y,n,y_species,0,n
68209845,research_1,research,2021-01-17,2021-01-17T12:45:06Z,2021-02-05T19:38:29Z,NA,53.31261167,-3.79807,8,NA,NA,48529,species,NA,33028,1706662,2019-05-01T08:05:21Z,179,3,118,176,NA,0,no,0,0,0,no,1256,0,0,0,0,2021,2021,Jan,Jan,NA,NA,Fungi,Basidiomycota,Tremellomycetes,Tremellales,Tremellaceae,Tremella,mesenterica,NA,Tremella mesenterica,United Kingdom,NA,1,1,3145728,First id by community,2,2,0,https://www.inaturalist.org/observations/68209845,Tremelloid,average,not applicable,n,n,n,n,y,y,n,n,0,n
184746108,research_1,research,2023-09-20,2023-09-24T19:16:29Z,2023-11-10T09:50:06Z,NA,54.93453611,37.6174975,NA,NA,cc-by-nc,49162,species,NA,10606,4340030,2021-05-02T14:45:02Z,4281,35,1722,4246,http://www.gbif.org/occurrence/4417205331,0,no,0,0,0,no,276,0,0,0,0,2023,2023,Sep,Sep,NA,NA,Fungi,Basidiomycota,Agaricomycetes,Russulales,Hericiaceae,Hericium,coralloides,NA,Hericium coralloides,Russia,49162,1,1,2795520,species,3,2,0,https://www.inaturalist.org/observations/184746108,Pileate-sessile,good,not applicable,n,n,n,n,y,y,n,y_species,0,n
178061718,research_1,research,2023-08-12,2023-08-12T21:01:49Z,2023-08-12T21:14:14Z,NA,51.354219,6.579863972,NA,NA,cc-by-nc,328280,species,NA,1622,4946189,2021-09-03T08:44:57Z,13964,10343,1477,3621,http://www.gbif.org/occurrence/4177172036,0,no,0,0,0,no,319,0,0,0,0,2023,2023,Aug,Aug,NA,NA,Fungi,Basidiomycota,Agaricomycetes,Polyporales,Polyporaceae,Ganoderma,resinaceum,NA,Ganoderma resinaceum,Germany,328280,1,1,2359296,species,2,1,0,https://www.inaturalist.org/observations/178061718,Pileate-sessile,average,not applicable,n,n,n,n,y,y,n,y_species,1,n
208446421,research_1,research,2024-04-20,2024-04-21T09:17:35Z,2024-04-21T09:23:39Z,NA,47.0055029,15.5184196,NA,NA,cc-by-nc,54573,species,NA,55928,7866582,2024-03-12T19:39:09Z,192,18,140,174,http://www.gbif.org/occurrence/4852888956,0,no,0,0,0,no,66,0,0,0,0,2024,2024,Apr,Apr,NA,NA,Fungi,Basidiomycota,Agaricomycetes,Agaricales,Schizophyllaceae,Schizophyllum,commune,NA,Schizophyllum commune,Austria,54573,1,1,3145728,species,2,1,0,https://www.inaturalist.org/observations/208446421,Pileate-sessile,bad,not applicable,n,n,n,n,y,y,n,y_species,0,n
60620825,research_1,research,2020-09-24,2020-09-24T16:25:24Z,2021-05-22T17:02:47Z,NA,48.08531993,12.31443918,94,NA,cc-by-nc,157989,species,NA,4906,2826435,2020-04-24T09:04:51Z,55,0,45,55,http://www.gbif.org/occurrence/3117782388,0,no,0,0,0,no,1371,0,0,0,0,2020,2020,Sep,Sep,NA,NA,Fungi,Basidiomycota,Agaricomycetes,Polyporales,Meripilaceae,Meripilus,giganteus,NA,Meripilus giganteus,Germany,157989,1,1,2361344,species,2,1,0,https://www.inaturalist.org/observations/60620825,Pileate-sessile,bad,not applicable,n,n,n,n,n,y,n,y_species,0,n
29173787,research_1,research,2019-07-20,2019-07-20T14:44:31Z,2021-05-24T03:53:30Z,NA,56.16162918,44.14579974,122,NA,cc-by-nc,63232,species,NA,14046,1348027,2018-11-12T17:16:56Z,63339,32867,3692,30470,http://www.gbif.org/occurrence/3124540319,0,no,0,0,0,no,1803,0,0,0,0,2019,2019,Jul,Jul,NA,NA,Fungi,Basidiomycota,Agaricomycetes,Boletales,Boletaceae,Leccinum,scabrum,NA,Leccinum scabrum,Russia,47170,1,1,2795520,kingdom,3,1,0,https://www.inaturalist.org/observations/29173787,Pileate-stipitate,bad,not applicable,n,n,n,n,y,y,n,n,13,n
186448091,research_1,research,2023-10-06,2023-10-06T19:56:29Z,2024-05-13T10:20:06Z,Abies,42.7574427,1.030439941,6,NA,cc-by-nc,553907,species,NA,2412,4088288,2021-03-09T09:34:40Z,7183,2361,1054,4822,http://www.gbif.org/occurrence/4424210589,0,yes,5,0,0,no,264,1,0,0,0,2023,2023,Oct,Oct,NA,NA,Fungi,Basidiomycota,Agaricomycetes,Boletales,Boletaceae,Neoboletus,erythropus,NA,Neoboletus erythropus,Spain,553907,1,1,3145728,species,3,2,0,https://www.inaturalist.org/observations/186448091,Pileate-stipitate,good,not applicable,n,n,n,y,y,y,n,y_species,2,n
149564902,research_1,research,2018-10-16,2023-02-24T16:33:24Z,2023-04-09T05:34:59Z,NA,47.205,6.936111111,NA,NA,cc-by-nc,351676,species,NA,380,4350079,2021-05-03T18:07:03Z,196568,176497,4840,20070,http://www.gbif.org/occurrence/4046330885,0,no,0,0,0,no,488,0,0,0,0,2023,2018,Feb,Feb,NA,NA,Fungi,Basidiomycota,Agaricomycetes,Agaricales,Mycenaceae,Panellus,mitis,NA,Panellus mitis,Switzerland,351676,1,1,2359296,species,3,2,0,https://www.inaturalist.org/observations/149564902,Pileate-sessile,good,not applicable,n,n,y,n,y,y,n,y_species,11,n
139136489,research_1,research,2022-10-04,2022-10-17T17:32:16Z,2022-10-26T16:58:47Z,NA,51.37551398,4.400930033,NA,NA,cc-by-nc,121217,species,NA,13803,3177908,2020-06-14T16:34:58Z,4799,2209,738,2590,http://www.gbif.org/occurrence/3961222635,0,no,0,5,0,no,618,0,0,2,0,2022,2022,Oct,Oct,NA,NA,Fungi,Basidiomycota,Agaricomycetes,Agaricales,Strophariaceae,Leratiomyces,ceres,NA,Leratiomyces ceres,Netherlands,121217,1,1,2783232,species,2,1,0,https://www.inaturalist.org/observations/139136489,Pileate-sessile,bad,not applicable,n,n,n,n,y,y,n,y_species,0,n
115052645,research_1,research,2022-05-03,2022-05-03T05:38:48Z,2022-05-03T09:34:12Z,NA,63.86345439,23.18836295,3,NA,cc-by-nc,127510,species,NA,38852,614374,2017-09-03T19:28:24Z,202839,176915,3033,25924,http://www.gbif.org/occurrence/3772488084,0,no,0,0,0,no,785,0,0,0,0,2022,2022,May,May,NA,NA,Fungi,Basidiomycota,Agaricomycetes,Polyporales,Polyporaceae,Fomes,fomentarius,NA,Fomes fomentarius,Finland,127510,1,1,1886208,species,2,1,0,https://www.inaturalist.org/observations/115052645,Pileate-sessile,bad,not applicable,n,n,n,n,y,y,n,y_species,1,n
218677192,research_1,research,2024-05-27,2024-05-27T16:48:31Z,2024-05-28T07:53:29Z,NA,52.48224767,-2.099814464,31,NA,cc-by-nc,53713,species,NA,48762,6189973,2022-09-25T16:48:07Z,30616,23230,2889,7386,NA,0,no,0,0,0,no,30,0,0,0,0,2024,2024,May,May,NA,NA,Fungi,Basidiomycota,Agaricomycetes,Polyporales,Laetiporaceae,Laetiporus,sulphureus,NA,Laetiporus sulphureus,United Kingdom,53713,1,1,3145728,species,2,1,0,https://www.inaturalist.org/observations/218677192,Pileate-sessile,bad,not applicable,n,n,n,n,n,y,n,y_species,6,n
47663339,research_1,research,2018-09-13,2020-05-28T21:07:54Z,2023-01-13T20:18:04Z,NA,54.37195481,-3.371230317,1264,NA,NA,48715,species,NA,95238,3019937,2020-05-20T20:47:35Z,2576,10,1449,2566,NA,0,no,0,0,0,no,1490,0,0,0,0,2020,2018,May,May,NA,NA,Fungi,Basidiomycota,Agaricomycetes,Agaricales,Amanitaceae,Amanita,muscaria,NA,Amanita muscaria,United Kingdom,48715,1,1,3145728,species,4,3,0,https://www.inaturalist.org/observations/47663339,Pileate-stipitate,average,not applicable,n,n,n,n,y,y,n,y_species,1,n
98681102,research_1,research,2021-10-18,2021-10-19T06:53:33Z,2021-10-21T08:18:09Z,NA,63.18009682,30.25094488,NA,NA,NA,117973,species,NA,1183,4712787,2021-07-11T17:57:59Z,457,2,307,455,NA,0,no,0,0,0,no,981,0,0,0,0,2021,2021,Oct,Oct,NA,NA,Fungi,Ascomycota,Lecanoromycetes,Umbilicariales,Ophioparmaceae,Hypocenomyce,scalaris,NA,Hypocenomyce scalaris,Finland,NA,1,1,3145728,First id by community,3,3,0,https://www.inaturalist.org/observations/98681102,Lichen,average,not applicable,n,n,n,n,y,y,n,n,0,n
178326013,research_1,research,2023-08-13,2023-08-14T06:32:43Z,2023-08-14T23:52:38Z,NA,51.51700387,6.174822827,NA,NA,cc-by-nc,63027,species,NA,9149,4884282,2021-08-19T08:50:42Z,11229,1,1667,11228,http://www.gbif.org/occurrence/4177568412,0,no,0,0,0,no,317,0,0,0,0,2023,2023,Aug,Aug,NA,NA,Fungi,Basidiomycota,Agaricomycetes,Agaricales,Amanitaceae,Amanita,fulva,NA,Amanita fulva,Netherlands,63027,1,1,3145728,species,2,1,0,https://www.inaturalist.org/observations/178326013,Pileate-stipitate,bad,not applicable,n,n,n,n,y,y,n,y_species,0,n
120434683,research_1,research,2022-06-03,2022-06-06T00:09:57Z,2022-07-07T12:58:41Z,NA,46.48206198,13.66745008,123,NA,cc-by,48711,species,NA,24086,4191375,2021-04-07T14:43:31Z,25949,23862,821,2087,http://www.gbif.org/occurrence/3858385616,0,no,0,0,1,no,751,0,0,0,1,2022,2022,Jun,Jun,NA,NA,Fungi,Ascomycota,Lecanoromycetes,Peltigerales,Lobariaceae,Lobaria,pulmonaria,NA,Lobaria pulmonaria,Italy,48711,1,1,2361344,species,4,3,0,https://www.inaturalist.org/observations/120434683,Lichen,good,not applicable,n,n,n,n,y,y,n,y_species,6,n
176925743,research_1,research,2023-08-06,2023-08-06T08:08:46Z,2023-08-07T19:07:56Z,NA,63.816160000000004,20.12288333,8,NA,cc-by-nc,48424,species,open,2294,4479472,2021-05-26T13:47:50Z,4881,1478,946,3403,http://www.gbif.org/occurrence/4172000190,0,no,0,0,0,no,325,0,0,0,0,2023,2023,Aug,Aug,NA,NA,Fungi,Basidiomycota,Agaricomycetes,Boletales,Gomphidiaceae,Gomphidius,glutinosus,NA,Gomphidius glutinosus,Sweden,48424,1,1,3145728,species,2,1,0,https://www.inaturalist.org/observations/176925743,Pileate-stipitate,average,not applicable,n,n,n,n,y,y,n,y_species,0,n
66251549,research_1,research,2020-12-07,2020-12-07T16:04:07Z,2020-12-10T19:57:44Z,NA,53.83944345,-2.475640173,2,NA,cc-by,55576,species,NA,62547,2164172,2019-08-23T13:54:55Z,44329,20885,4108,23444,http://www.gbif.org/occurrence/2999047892,0,no,0,0,0,no,1297,0,0,0,0,2020,2020,Dec,Dec,NA,NA,Fungi,Ascomycota,Lecanoromycetes,Teloschistales,Teloschistaceae,Xanthoria,parietina,NA,Xanthoria parietina,United Kingdom,55576,1,1,2795520,species,2,1,0,https://www.inaturalist.org/observations/66251549,Lichen,good,not applicable,n,n,y,n,n,y,n,y_species,4,n
190306659,research_1,research,2023-11-07,2023-11-07T14:15:30Z,2023-11-07T16:45:24Z,NA,56.434457,10.26869497,NA,NA,NA,55899,species,NA,9764,3648591,2020-09-22T06:49:43Z,11160,1709,2461,9451,NA,0,no,0,0,0,no,232,0,0,0,0,2023,2023,Nov,Nov,NA,NA,Fungi,Basidiomycota,Agaricomycetes,Agaricales,Hydnangiaceae,Laccaria,amethystina,NA,Laccaria amethystina,Denmark,55899,1,1,3145728,species,2,1,0,https://www.inaturalist.org/observations/190306659,Pileate-stipitate,average,not applicable,n,n,n,n,y,y,n,y_species,0,n
90662318,research_1,research,2020-07-24,2021-08-10T15:02:36Z,2021-08-11T22:34:39Z,Растение определено неверно,57.19085424,45.41229371,488,NA,cc-by-nc,63027,species,NA,9070,4847520,2021-08-10T13:07:38Z,13934,243,2545,13689,http://www.gbif.org/occurrence/3337931117,0,yes,27,0,0,no,1051,1,0,0,0,2021,2020,Aug,Aug,NA,NA,Fungi,Basidiomycota,Agaricomycetes,Agaricales,Amanitaceae,Amanita,fulva,NA,Amanita fulva,Russia,118240,1,1,3145728,species,3,1,0,https://www.inaturalist.org/observations/90662318,Pileate-stipitate,average,not applicable,n,n,n,n,y,y,n,n,4,n
149540834,research_1,research,2018-04-08,2023-02-24T08:26:27Z,2023-04-09T05:14:42Z,NA,47.17694444,6.979166667,NA,NA,cc-by-nc,1098280,species,NA,23023,4350079,2021-05-03T18:07:03Z,196568,176497,4840,20070,http://www.gbif.org/occurrence/4054855560,0,no,0,0,0,no,488,0,0,0,0,2023,2018,Feb,Feb,NA,NA,Fungi,Basidiomycota,Agaricomycetes,Polyporales,Fomitopsidaceae,Fomitopsis,pinicola,NA,Fomitopsis pinicola,Switzerland,1098280,1,1,3145728,species,3,2,0,https://www.inaturalist.org/observations/149540834,Pileate-sessile,average,not applicable,n,n,n,n,y,y,n,y_species,10,n
143339816,research_1,research,2022-11-30,2022-11-30T09:33:55Z,2022-11-30T17:44:08Z,NA,38.57109322,-7.917294782,9,NA,cc-by-nc,348720,species,NA,15883,5228133,2021-11-23T16:52:21Z,14,0,5,14,http://www.gbif.org/occurrence/3988629756,0,no,0,0,0,no,574,0,0,0,0,2022,2022,Nov,Nov,NA,NA,Fungi,Basidiomycota,Agaricomycetes,Agaricales,Pluteaceae,Volvopluteus,gloiocephalus,NA,Volvopluteus gloiocephalus,Portugal,348720,1,1,3145728,species,2,1,0,https://www.inaturalist.org/observations/143339816,Pileate-stipitate,bad,not applicable,n,n,n,n,y,y,n,y_species,0,n
35243100,research_1,research,2019-11-03,2019-11-03T17:04:59Z,2019-11-04T09:00:22Z,NA,46.99975278,6.936211111,16,NA,cc-by,55267,species,NA,19497,186163,2016-03-01T08:39:09Z,191044,164071,5383,26973,http://www.gbif.org/occurrence/2451707571,0,no,0,0,0,no,1697,0,0,0,0,2019,2019,Nov,Nov,NA,NA,Fungi,Ascomycota,Sordariomycetes,Xylariales,Xylariaceae,Xylaria,hypoxylon,NA,Xylaria hypoxylon,Switzerland,47170,1,1,3145728,kingdom,4,3,0,https://www.inaturalist.org/observations/35243100,Xylarioid,good,not applicable,n,n,n,n,y,y,n,n,9,n
107752853,research_1,research,2022-03-02,2022-03-02T08:39:52Z,2022-03-12T19:47:15Z,NA,60.22200027,24.95682842,3,NA,cc-by-nc,117973,species,NA,1182,614374,2017-09-03T19:28:24Z,202839,176915,3033,25924,http://www.gbif.org/occurrence/3712702485,0,no,0,0,0,no,847,0,0,0,0,2022,2022,Mar,Mar,NA,NA,Fungi,Ascomycota,Lecanoromycetes,Umbilicariales,Ophioparmaceae,Hypocenomyce,scalaris,NA,Hypocenomyce scalaris,Finland,117973,1,1,4194304,species,2,1,0,https://www.inaturalist.org/observations/107752853,Lichen,bad,not applicable,n,n,n,n,n,y,n,y_species,2,n
195671156,research_1,research,2023-11-21,2024-01-03T16:30:41Z,2024-01-05T19:20:22Z,NA,53.33336806,-2.143257671,15,NA,cc-by,542217,species,NA,1027,1527518,2019-03-14T22:41:25Z,61896,3179,4868,58717,http://www.gbif.org/occurrence/4510356767,0,no,0,0,0,no,175,0,0,0,0,2024,2023,Jan,Jan,NA,NA,Fungi,Ascomycota,Dothideomycetes,Pleosporales,Didymellaceae,Boeremia,hedericola,NA,Boeremia hedericola,United Kingdom,542217,1,1,3506176,species,2,1,0,https://www.inaturalist.org/observations/195671156,Leaf fungi,average,not applicable,n,n,n,n,y,y,n,y_species,7,n
88565948,research_1,research,2021-07-25,2021-07-25T16:52:50Z,2023-10-31T22:35:47Z,NA,52.90353833,-2.786278333,6,NA,cc-by-nc,553681,species,NA,100,2607107,2020-02-26T13:47:29Z,931,173,461,758,http://www.gbif.org/occurrence/3335384577,0,no,0,0,0,no,1067,0,0,0,0,2021,2021,Jul,Jul,NA,NA,Fungi,Basidiomycota,Exobasidiomycetes,Exobasidiales,Exobasidiaceae,Exobasidium,karstenii,NA,Exobasidium karstenii,United Kingdom,553681,1,1,3145728,species,3,2,0,https://www.inaturalist.org/observations/88565948,Leaf fungi,good,not applicable,n,n,n,n,y,y,n,y_species,0,n
37157080,research_1,research,2020-01-01,2020-01-01T13:27:21Z,2024-03-04T18:56:36Z,NA,56.19244667,-4.05543883,47,NA,NA,55267,species,NA,19497,540010,2017-07-20T20:06:27Z,2427,48,1225,2379,NA,0,no,0,0,0,no,1638,0,0,0,0,2020,2020,Jan,Jan,NA,NA,Fungi,Ascomycota,Sordariomycetes,Xylariales,Xylariaceae,Xylaria,hypoxylon,NA,Xylaria hypoxylon,United Kingdom,NA,1,1,3145728,First id by community,3,2,0,https://www.inaturalist.org/observations/37157080,Xylarioid,good,not applicable,n,n,n,n,y,y,n,y_species,0,n
69885086,research_1,research,2019-12-03,2021-02-20T22:12:32Z,2021-03-05T21:52:44Z,NA,57.09132091,-2.193291421,NA,obscured,cc-by-nc,55267,species,NA,19518,2787297,2020-04-21T06:12:06Z,1960,149,837,1811,http://www.gbif.org/occurrence/3044957691,0,no,0,0,0,no,1222,0,0,0,0,2021,2019,Feb,Feb,NA,NA,Fungi,Ascomycota,Sordariomycetes,Xylariales,Xylariaceae,Xylaria,hypoxylon,NA,Xylaria hypoxylon,United Kingdom,55267,1,1,3145728,species,4,3,0,https://www.inaturalist.org/observations/69885086,Xylarioid,average,not applicable,n,n,n,n,y,y,n,y_species,0,n
78594007,research_1,research,2021-05-13,2021-05-13T16:56:40Z,2021-05-13T17:14:56Z,NA,50.35093897,30.456468,NA,NA,cc-by-nc,54734,species,NA,31888,3334393,2020-07-15T15:46:42Z,33239,4456,1891,28783,http://www.gbif.org/occurrence/3113520840,0,no,0,0,0,no,1140,0,0,0,0,2021,2021,May,May,NA,NA,Fungi,Ascomycota,Lecanoromycetes,Lecanorales,Parmeliaceae,Parmelia,sulcata,NA,Parmelia sulcata,Ukraine,54734,1,1,2359296,species,2,1,0,https://www.inaturalist.org/observations/78594007,Lichen,average,not applicable,n,n,n,n,y,y,n,y_species,6,n
109855281,research_6,research,2022-03-26,2022-03-29T18:29:16Z,2024-04-03T17:29:43Z,NA,47.23991013,15.63461494,NA,NA,cc-by-nc,217094,species,NA,1384,4567818,2021-06-11T10:10:27Z,8785,6,2717,8779,http://www.gbif.org/occurrence/4522488464,0,no,0,0,0,no,820,0,0,0,0,2022,2022,Mar,Mar,NA,NA,Fungi,Ascomycota,Lecanoromycetes,Lecanorales,Cladoniaceae,Cladonia,digitata,NA,Cladonia digitata,Austria,47170,1,6,9011962,kingdom,4,2,0,https://www.inaturalist.org/observations/109855281,Lichen,average,y,n,n,n,n,y,y,n,n,0,n
140493664,research_6,research,2022-10-30,2022-10-30T10:17:22Z,2024-04-01T22:52:58Z,NA,48.87417,9.613633333,4,NA,cc-by-nc,553909,species,NA,2245,3776181,2020-10-23T04:52:10Z,6056,4,866,6052,http://www.gbif.org/occurrence/4600017801,0,no,0,0,0,no,605,0,0,0,0,2022,2022,Oct,Oct,NA,NA,Fungi,Basidiomycota,Agaricomycetes,Boletales,Boletaceae,Neoboletus,luridiformis,NA,Neoboletus luridiformis,Germany,553909,1,6,18874368,species,2,1,0,https://www.inaturalist.org/observations/140493664,Pileate-stipitate,bad,y,n,n,n,n,y,y,n,y_species,0,n
172711287,research_6,research,2023-07-11,2023-07-13T17:40:26Z,2023-09-06T22:41:52Z,"Micrographs:
1 Spores
2 Basidia
3 Cheilo",47.44803997,11.70011097,NA,NA,cc-by-nc,1112491,species,NA,70,6085172,2022-08-31T00:52:38Z,1955,1562,287,393,http://www.gbif.org/occurrence/4162260184,0,yes,40,0,1,yes,349,1,0,0,1,2023,2023,Jul,Jul,NA,NA,Fungi,Basidiomycota,Agaricomycetes,Agaricales,Inocybaceae,Inosperma,erubescens,NA,Inosperma erubescens,Austria,1112491,1,6,15736832,species,3,2,0,https://www.inaturalist.org/observations/172711287,Pileate-stipitate,great,n,y,n,y,n,y,y,n,y_species,1,n
58049444,research_6,research,2020-08-30,2020-08-30T17:25:47Z,2020-08-30T18:30:25Z,NA,60.74541527,21.75615189,488,NA,cc-by-nc,118223,species,NA,4711,2692769,2020-03-30T16:25:40Z,42715,389,4434,42317,http://www.gbif.org/occurrence/2859939931,0,no,0,0,0,no,1396,0,0,0,0,2020,2020,Aug,Aug,NA,NA,Fungi,Basidiomycota,Agaricomycetes,Russulales,Russulaceae,Lactarius,rufus,NA,Lactarius rufus,Finland,118223,1,6,18898944,species,2,1,0,https://www.inaturalist.org/observations/58049444,Pileate-stipitate,good,n,n,n,y,y,y,y,n,y_species,0,n
145500297,research_6,research,2022-12-31,2022-12-31T13:21:50Z,2023-01-25T01:28:22Z,NA,48.3476221,16.2211376,NA,NA,cc-by,775410,species,NA,32601,4827903,2021-08-05T18:11:52Z,18814,11959,1693,6855,http://www.gbif.org/occurrence/4011542062,0,no,0,0,0,no,543,0,0,0,0,2022,2022,Dec,Dec,NA,NA,Fungi,Basidiomycota,Agaricomycetes,Polyporales,Fomitopsidaceae,Fomitopsis,betulina,NA,Fomitopsis betulina,Austria,775410,1,6,25165824,species,4,3,1,https://www.inaturalist.org/observations/145500297,Pileate-sessile,good,n,n,n,y,n,y,y,n,y_species,1,n
196628460,research_6,research,2023-08-01,2024-01-14T03:09:00Z,2024-01-15T10:10:42Z,NA,45.87221333,11.22079208,506,NA,cc-by-nc,824777,species,NA,3935,5554327,2022-04-24T00:36:10Z,6206,848,3003,5358,http://www.gbif.org/occurrence/4512303243,0,no,0,0,0,no,164,0,0,0,0,2024,2023,Jan,Jan,NA,NA,Fungi,Basidiomycota,Agaricomycetes,Boletales,Boletaceae,Suillellus,luridus,NA,Suillellus luridus,Italy,824777,1,6,14163968,species,3,2,0,https://www.inaturalist.org/observations/196628460,Pileate-stipitate,good,n,n,n,y,y,y,y,n,y_species,2,n
186530117,research_6,research,2023-10-07,2023-10-07T12:13:41Z,2023-10-07T19:30:34Z,NA,47.3087714,11.38763984,3,obscured,cc-by-nc,1098280,species,NA,23199,3023109,2020-05-21T07:13:05Z,582,225,249,357,http://www.gbif.org/occurrence/4424348615,0,no,0,0,0,no,263,0,0,0,0,2023,2023,Oct,Oct,NA,NA,Fungi,Basidiomycota,Agaricomycetes,Polyporales,Fomitopsidaceae,Fomitopsis,pinicola,NA,Fomitopsis pinicola,Austria,47170,1,6,18874368,kingdom,3,1,0,https://www.inaturalist.org/observations/186530117,Pileate-sessile,good,y,n,n,y,n,y,y,n,y_species,0,n
201016918,research_6,research,2023-11-18,2024-03-02T16:15:15Z,2024-04-03T15:22:09Z,NA,47.23994459,15.63019853,33,NA,cc-by-nc,972793,species,NA,34337,4567818,2021-06-11T10:10:27Z,8914,6,2739,8908,http://www.gbif.org/occurrence/4607348178,0,no,0,0,0,no,116,0,0,0,0,2024,2023,Mar,Mar,NA,NA,Fungi,Basidiomycota,Agaricomycetes,Agaricales,Lycoperdaceae,Apioperdon,pyriforme,NA,Apioperdon pyriforme,Austria,972793,1,6,20137984,species,2,1,0,https://www.inaturalist.org/observations/201016918,Gasteroid,good,y,n,n,y,n,y,y,n,y_species,0,n
183725552,research_6,research,2023-09-17,2023-09-17T19:52:17Z,2023-09-18T18:26:34Z,Suggested by obsidentify but I'm not certain,52.02265,7.656197222,NA,NA,cc-by,83196,species,NA,9135,1416553,2019-01-06T20:17:29Z,6313,202,2039,6111,http://www.gbif.org/occurrence/4414073878,0,yes,44,0,0,no,283,1,0,0,0,2023,2023,Sep,Sep,NA,NA,Fungi,Basidiomycota,Agaricomycetes,Agaricales,Hymenogastraceae,Gymnopilus,junonius,NA,Gymnopilus junonius,Germany,83196,1,6,18874368,species,2,1,0,https://www.inaturalist.org/observations/183725552,Pileate-stipitate,average,n,n,n,n,n,y,y,n,y_species,0,y
218919224,research_6,research,2024-05-27,2024-05-28T16:13:01Z,2024-05-28T17:00:51Z,"На Maianthemum bifolium
",57.85496167,40.70191,NA,NA,cc-by-nc,383988,species,NA,365,1480292,2019-02-18T04:13:33Z,75263,14010,6160,61253,NA,0,yes,24,0,0,no,29,1,0,0,0,2024,2024,May,May,NA,NA,Fungi,Basidiomycota,Pucciniomycetes,Pucciniales,Pucciniaceae,Puccinia,sessilis,NA,Puccinia sessilis,Russia,383988,1,6,16809984,species,2,1,0,https://www.inaturalist.org/observations/218919224,Leaf fungi,good,y,n,n,y,n,y,y,n,y_species,3,n
68279493,research_6,research,2021-01-15,2021-01-18T17:35:27Z,2021-02-09T11:44:37Z,NA,42.49419016,3.021187931,7251,NA,cc-by-nc,118111,species,NA,12343,1710629,2019-05-02T09:13:54Z,2322,266,996,2056,http://www.gbif.org/occurrence/3039136807,0,no,0,0,0,no,1255,0,0,0,0,2021,2021,Jan,Jan,NA,NA,Fungi,Basidiomycota,Agaricomycetes,Polyporales,Polyporaceae,Trametes,ochracea,NA,Trametes ochracea,France,47378,1,6,18874368,genus,3,1,0,https://www.inaturalist.org/observations/68279493,Pileate-sessile,bad,y,n,n,n,n,y,y,n,y_genus,1,n
201120734,research_6,research,2023-10-12,2024-03-03T13:33:45Z,2024-03-13T15:58:26Z,NA,43.55423561,20.7855254,8,NA,NA,48715,species,NA,95796,6117978,2022-09-07T22:03:12Z,4539,776,508,3763,NA,0,no,0,0,0,no,115,0,0,0,0,2024,2023,Mar,Mar,NA,NA,Fungi,Basidiomycota,Agaricomycetes,Agaricales,Amanitaceae,Amanita,muscaria,NA,Amanita muscaria,Serbia,48715,1,6,20350976,species,2,1,0,https://www.inaturalist.org/observations/201120734,Pileate-stipitate,good,y,n,n,y,n,y,y,n,y_species,1,n
61307447,research_6,research,2020-09-30,2020-09-30T15:52:43Z,2020-10-01T09:14:03Z,NA,60.22918444,25.12136076,46,NA,cc-by-nc,118038,species,NA,13146,367309,2016-11-11T13:38:34Z,33454,20689,3928,12765,http://www.gbif.org/occurrence/2874018927,0,no,0,0,0,no,1365,0,0,0,0,2020,2020,Sep,Sep,NA,NA,Fungi,Basidiomycota,Agaricomycetes,Polyporales,Phanerochaetaceae,Bjerkandera,adusta,NA,Bjerkandera adusta,Finland,47380,1,6,18874368,order,3,2,2,https://www.inaturalist.org/observations/61307447,Pileate-sessile,good,y,n,n,y,n,y,y,n,n,1,n
153212813,research_6,research,2023-04-02,2023-04-02T18:32:50Z,2023-04-02T18:55:55Z,NA,63.095581,25.96767797,NA,NA,NA,182743,species,NA,84,4176230,2021-04-04T16:10:56Z,6299,1913,1256,4386,NA,0,no,0,0,0,no,451,0,0,0,0,2023,2023,Apr,Apr,NA,NA,Fungi,Ascomycota,Lecanoromycetes,Lecanorales,Ramalinaceae,Ramalina,thrausta,NA,Ramalina thrausta,Finland,182743,1,6,19064832,species,2,1,0,https://www.inaturalist.org/observations/153212813,Lichen,good,y,n,n,y,n,y,y,n,y_species,0,n
140869787,research_6,research,2022-11-01,2022-11-02T12:21:43Z,2023-11-22T07:53:12Z,NA,51.2576495,6.164380033,NA,NA,cc-by-sa,218216,species,NA,359,1032700,2018-06-18T18:21:26Z,34480,25105,3367,9375,NA,0,no,0,0,0,no,602,0,0,0,0,2022,2022,Nov,Nov,NA,NA,Fungi,Basidiomycota,Agaricomycetes,Agaricales,Clitocybaceae,Dendrocollybia,racemosa,NA,Dendrocollybia racemosa,Germany,218216,1,6,16773120,species,3,2,0,https://www.inaturalist.org/observations/140869787,Pileate-stipitate,average,y,n,n,y,n,y,y,n,y_species,1,n
106803673,research_6,research,2010-09-14,2022-02-15T16:30:29Z,2022-04-30T19:23:02Z,NA,50.43879766,34.91020659,5699,NA,cc-by-nc,53713,species,NA,48010,4372337,2021-05-07T19:54:24Z,14511,2197,1747,12314,http://www.gbif.org/occurrence/3698242547,0,no,0,0,0,no,862,0,0,0,0,2022,2010,Feb,Feb,NA,NA,Fungi,Basidiomycota,Agaricomycetes,Polyporales,Laetiporaceae,Laetiporus,sulphureus,NA,Laetiporus sulphureus,Ukraine,47170,1,6,18874368,kingdom,3,2,0,https://www.inaturalist.org/observations/106803673,Pileate-sessile,good,y,n,n,y,n,y,y,n,n,9,n
113180842,research_6,research,2022-01-01,2022-04-28T03:59:00Z,2024-04-03T18:02:32Z,NA,47.23374156,15.61964437,44,NA,cc-by-nc,350861,species,NA,1707,4567818,2021-06-11T10:10:27Z,8785,6,2717,8779,http://www.gbif.org/occurrence/4522476593,0,no,0,0,0,no,790,0,0,0,0,2022,2022,Apr,Apr,NA,NA,Fungi,Basidiomycota,Agaricomycetes,Gloeophyllales,Gloeophyllaceae,Gloeophyllum,odoratum,NA,Gloeophyllum odoratum,Austria,47169,1,6,2835456,phylum,3,1,0,https://www.inaturalist.org/observations/113180842,Pileate-sessile,good,n,n,n,y,n,y,y,n,n,0,n
20387885,research_6,research,2019-02-16,2019-02-16T15:32:23Z,2023-06-19T18:08:53Z,NA,54.75419617,24.84646416,NA,NA,cc-by-nc,1131195,species,NA,201,281423,2016-08-03T15:59:33Z,66006,50180,4221,15826,http://www.gbif.org/occurrence/2988462340,0,no,0,0,0,no,1957,0,0,0,0,2019,2019,Feb,Feb,NA,NA,Fungi,Basidiomycota,Agaricomycetes,Polyporales,Fomitopsidaceae,Adustoporia,sinuosa,NA,Adustoporia sinuosa,Lithuania,47170,1,6,18874368,kingdom,5,2,0,https://www.inaturalist.org/observations/20387885,Corticioid,good,n,n,n,y,n,y,y,n,n,5,n
146153187,research_6,research,2023-01-08,2023-01-08T21:33:20Z,2023-10-21T21:15:19Z,on decaying Fagus sylvatica,49.09768583,19.14782417,NA,NA,cc-by-nc,205261,species,NA,1875,386722,2017-01-05T07:57:20Z,31508,822,5795,30684,http://www.gbif.org/occurrence/4430907099,0,yes,27,1,0,no,535,1,0,1,0,2023,2023,Jan,Jan,NA,NA,Fungi,Basidiomycota,Agaricomycetes,Cantharellales,Hydnaceae,Multiclavula,mucida,NA,Multiclavula mucida,Slovakia,205261,1,6,16773120,species,2,1,0,https://www.inaturalist.org/observations/146153187,Lichen,good,y,n,n,y,n,y,y,n,y_species,2,n
139247223,research_6,research,2022-10-08,2022-10-18T17:41:35Z,2023-03-21T14:05:44Z,Growing on Salix,52.29336856,5.082950164,46,NA,NA,118281,species,NA,570,657776,2017-10-05T01:46:57Z,7584,5383,571,2197,NA,0,yes,17,0,0,no,617,1,0,0,0,2022,2022,Oct,Oct,NA,NA,Fungi,Basidiomycota,Agaricomycetes,Agaricales,Pluteaceae,Pluteus,salicinus,NA,Pluteus salicinus,Netherlands,118281,1,6,18874368,species,2,1,0,https://www.inaturalist.org/observations/139247223,Pileate-stipitate,good,y,n,n,y,n,n,y,n,y_species,2,n
219475665,research_6,research,2024-05-31,2024-05-31T05:36:43Z,2024-06-04T21:26:08Z,NA,55.97883175,-4.05293653,22,NA,cc-by-nc,1179954,species,NA,21068,3186752,2020-06-16T05:37:54Z,360,114,113,246,NA,0,no,0,0,0,no,26,0,0,0,0,2024,2024,May,May,NA,NA,Fungi,Basidiomycota,Agaricomycetes,Agaricales,Psathyrellaceae,Candolleomyces,candolleanus,NA,Candolleomyces candolleanus,United Kingdom,1179954,1,6,19128320,species,2,1,0,https://www.inaturalist.org/observations/219475665,Pileate-stipitate,good,n,n,n,y,n,y,y,n,y_species,2,n
102484691,research_6,research,2021-12-04,2021-12-04T20:06:54Z,2021-12-04T20:17:54Z,NA,51.98088858,5.70946008,6,NA,cc-by-nc-sa,55899,species,NA,9678,1586119,2019-04-07T08:18:54Z,37588,19501,3964,18087,NA,0,no,0,0,0,no,935,0,0,0,0,2021,2021,Dec,Dec,NA,NA,Fungi,Basidiomycota,Agaricomycetes,Agaricales,Hydnangiaceae,Laccaria,amethystina,NA,Laccaria amethystina,Netherlands,55899,1,6,11317248,species,2,1,0,https://www.inaturalist.org/observations/102484691,Pileate-stipitate,good,y,n,n,y,n,y,y,n,y_species,0,n
179345794,research_6,research,2023-08-16,2023-08-20T14:28:48Z,2024-02-13T11:45:22Z,NA,57.65328667,43.69158,NA,NA,cc-by-nc,830648,species,NA,82,1480292,2019-02-18T04:13:33Z,75155,14005,6145,61150,http://www.gbif.org/occurrence/4522589230,0,no,0,0,0,no,311,0,0,0,0,2023,2023,Aug,Aug,NA,NA,Fungi,Basidiomycota,Agaricomycetes,Thelephorales,Bankeraceae,Phellodon,fuligineoalbus,NA,Phellodon fuligineoalbus,Russia,830648,1,6,16773120,species,2,1,1,https://www.inaturalist.org/observations/179345794,Pileate-stipitate,good,y,n,n,y,n,y,y,n,y_species,3,n
42881852,research_6,research,2020-04-21,2020-04-22T19:48:12Z,2020-04-23T20:16:56Z,NA,56.17355701,45.48170328,2104,NA,cc-by-nc,182670,species,NA,7476,2514204,2020-01-04T07:34:07Z,21107,2772,2200,18335,http://www.gbif.org/occurrence/2609241185,0,no,0,0,0,no,1526,0,0,0,0,2020,2020,Apr,Apr,NA,NA,Fungi,Ascomycota,Lecanoromycetes,Lecanorales,Parmeliaceae,Evernia,mesomorpha,NA,Evernia mesomorpha,Russia,182670,1,6,18874368,species,2,1,0,https://www.inaturalist.org/observations/42881852,Lichen,good,y,n,n,y,n,y,y,n,y_species,11,n
188588732,research_6,research,2023-09-04,2023-10-22T22:40:34Z,2024-06-25T07:18:35Z,"on fallen hardwood branch. it was probably from an oak b/c most of the surrounding trees were oak, but not 100% sure.",38.73558647,-9.153376857,8,NA,cc-by,332673,species,NA,746,2493396,2019-12-17T16:29:31Z,27629,9737,5143,17891,NA,0,yes,117,0,0,no,248,2,0,0,0,2023,2023,Oct,Oct,NA,NA,Fungi,Basidiomycota,Agaricomycetes,Russulales,Peniophoraceae,Peniophora,quercina,NA,Peniophora quercina,Portugal,332673,1,6,18874368,species,2,1,0,https://www.inaturalist.org/observations/188588732,Corticioid,good,y,n,n,y,n,y,y,n,y_species,3,n
184101658,research_6,research,2023-09-20,2023-09-20T11:08:21Z,2024-02-25T06:50:37Z,sur branche de salix morte en lisière de foret,49.86535097,5.109596972,NA,NA,cc0,55576,species,NA,63175,1437422,2019-01-20T23:22:20Z,2688,1794,511,894,http://www.gbif.org/occurrence/4416911915,2,yes,47,0,2,no,280,1,1,0,1,2023,2023,Sep,Sep,NA,NA,Fungi,Ascomycota,Lecanoromycetes,Teloschistales,Teloschistaceae,Xanthoria,parietina,NA,Xanthoria parietina,Belgium,54743,1,6,18874368,class,3,2,0,https://www.inaturalist.org/observations/184101658,Lichen,bad,y,n,n,y,n,y,y,n,n,4,n
91418713,research_6,research,2021-08-16,2021-08-16T15:49:51Z,2021-08-24T05:54:10Z,NA,60.39010354,24.93229078,3,obscured,cc0,56251,species,NA,8581,4836698,2021-08-07T21:42:01Z,4069,3766,176,303,http://www.gbif.org/occurrence/3343812754,0,no,0,0,0,no,1045,0,0,0,0,2021,2021,Aug,Aug,NA,NA,Fungi,Basidiomycota,Agaricomycetes,Agaricales,Xeromphalinaceae,Xeromphalina,campanella,NA,Xeromphalina campanella,Finland,56251,1,6,18874368,species,2,1,0,https://www.inaturalist.org/observations/91418713,Pileate-stipitate,good,n,n,n,y,y,y,y,n,y_species,0,n
101427779,research_6,research,2020-10-24,2021-11-18T22:22:52Z,2024-01-02T11:53:01Z,"Bajo Quercus robur (roble) y Castanea sativa (castaño).

ASM1174CSOS",43.26965856,-3.211890284,8,obscured,NA,1288764,species,NA,1409,4011182,2021-02-09T18:58:55Z,4121,1511,1065,2610,NA,1,yes,70,0,0,no,951,2,1,0,0,2021,2020,Nov,Nov,NA,NA,Fungi,Basidiomycota,Agaricomycetes,Agaricales,Inocybaceae,Inocybe,lilacina,NA,Inocybe lilacina,Spain,1288764,1,6,4718592,species,2,1,0,https://www.inaturalist.org/observations/101427779,Pileate-stipitate,good,y,n,n,y,n,y,y,n,y_species,3,n
183897064,research_6,research,2023-09-18,2023-09-18T20:50:54Z,2023-11-06T11:42:38Z,NA,51.07232741,0.0490948185,192,NA,cc-by,518100,species,NA,70,3722681,2020-10-08T14:16:14Z,1577,509,634,1068,http://www.gbif.org/occurrence/4438632989,0,no,0,0,0,no,282,0,0,0,0,2023,2023,Sep,Sep,NA,NA,Fungi,Basidiomycota,Dacrymycetes,Dacrymycetales,Dacrymycetaceae,Calocera,pallidospathulata,NA,Calocera pallidospathulata,United Kingdom,53277,1,6,11317248,class,3,1,0,https://www.inaturalist.org/observations/183897064,Clavarioid,good,y,n,n,y,n,y,y,n,n,0,n
138846655,research_6,research,2022-10-15,2022-10-15T15:07:18Z,2022-12-22T17:30:52Z,NA,55.74531172,49.16502378,NA,NA,cc-by,118122,species,NA,712,2494861,2019-12-18T17:16:41Z,1939,0,778,1939,http://www.gbif.org/occurrence/4009885578,0,no,0,0,0,no,620,0,0,0,0,2022,2022,Oct,Oct,NA,NA,Fungi,Basidiomycota,Agaricomycetes,Agaricales,Phyllotopsidaceae,Macrotyphula,fistulosa,NA,Macrotyphula fistulosa,Russia,118122,1,6,18825216,species,2,1,0,https://www.inaturalist.org/observations/138846655,Clavarioid,good,y,n,n,y,n,y,y,n,y_species,1,n
191196363,research_6,research,2023-11-16,2023-11-16T18:10:51Z,2023-11-16T22:45:26Z,NA,53.78092,-0.9620633333,4,NA,NA,55267,species,NA,19656,929954,2018-05-01T12:21:58Z,3007,25,943,2982,NA,0,no,0,0,0,no,223,0,0,0,0,2023,2023,Nov,Nov,NA,NA,Fungi,Ascomycota,Sordariomycetes,Xylariales,Xylariaceae,Xylaria,hypoxylon,NA,Xylaria hypoxylon,United Kingdom,55267,1,6,25165824,species,3,2,0,https://www.inaturalist.org/observations/191196363,Xylarioid,good,n,n,n,y,n,y,y,n,y_species,1,n
105105179,research_6,research,2022-01-17,2022-01-17T17:33:50Z,2022-01-17T19:36:25Z,NA,45.37398084,17.76968468,3,NA,NA,54134,species,NA,114724,2396439,2019-10-26T09:59:51Z,32439,810,4217,31629,NA,0,no,0,0,0,no,891,0,0,0,0,2022,2022,Jan,Jan,NA,NA,Fungi,Basidiomycota,Agaricomycetes,Polyporales,Polyporaceae,Trametes,versicolor,NA,Trametes versicolor,Croatia,54134,1,6,18874368,species,2,1,0,https://www.inaturalist.org/observations/105105179,Pileate-sessile,good,n,n,n,y,n,y,y,n,y_species,0,n
192666873,research_6,research,2023-11-30,2023-11-30T21:02:30Z,2023-11-30T21:05:50Z,NA,45.4345121,17.5186521,NA,NA,NA,117874,species,NA,9323,2396439,2019-10-26T09:59:51Z,32652,818,4237,31834,NA,0,no,0,0,0,no,209,0,0,0,0,2023,2023,Nov,Nov,NA,NA,Fungi,Ascomycota,Lecanoromycetes,Lecanorales,Parmeliaceae,Platismatia,glauca,NA,Platismatia glauca,Croatia,117874,1,6,18874368,species,2,1,0,https://www.inaturalist.org/observations/192666873,Lichen,good,y,n,n,y,n,y,y,n,y_species,0,n
143032464,research_6,research,2022-11-27,2022-11-27T13:51:50Z,2022-11-27T16:04:53Z,NA,54.450905,20.2957547,NA,NA,cc-by-nc,54758,species,NA,10638,3181530,2020-06-15T07:18:07Z,21204,477,1214,20727,http://www.gbif.org/occurrence/3986326144,0,no,0,0,0,no,577,0,0,0,0,2022,2022,Nov,Nov,NA,NA,Fungi,Ascomycota,Lecanoromycetes,Lecanorales,Ramalinaceae,Ramalina,farinacea,NA,Ramalina farinacea,Russia,54758,1,6,16902912,species,2,1,0,https://www.inaturalist.org/observations/143032464,Lichen,average,y,n,n,y,n,y,y,n,y_species,0,n
18860581,research_6,research,2018-07-15,2018-12-06T12:59:57Z,2022-12-05T15:53:08Z,NA,55.82065753,37.47948139,176,NA,cc-by-nc,1144260,species,NA,14,1347991,2018-11-12T16:46:19Z,55584,850,7409,54734,http://www.gbif.org/occurrence/1990460823,0,no,0,0,0,no,2029,0,0,0,0,2018,2018,Dec,Dec,NA,NA,Fungi,Basidiomycota,Agaricomycetes,Agaricales,Entolomataceae,Entoloma,subradiatum,NA,Entoloma subradiatum,Russia,809386,1,6,18006000,species,4,1,0,https://www.inaturalist.org/observations/18860581,Pileate-stipitate,good,n,n,n,y,n,y,y,n,y_species,4,n
185600774,research_6,research,2023-09-30,2023-09-30T17:39:19Z,2023-10-01T03:25:04Z,NA,55.483745,37.292074,NA,NA,cc-by-nc,49162,species,NA,10606,2210483,2019-09-04T02:34:26Z,10378,5406,716,4972,http://www.gbif.org/occurrence/4420916029,0,no,0,0,0,no,270,0,0,0,0,2023,2023,Sep,Sep,NA,NA,Fungi,Basidiomycota,Agaricomycetes,Russulales,Hericiaceae,Hericium,coralloides,NA,Hericium coralloides,Russia,49162,1,6,12317184,species,2,1,0,https://www.inaturalist.org/observations/185600774,Hydnoid,good,y,n,n,y,n,y,y,n,y_species,12,n
93355068,research_6,research,2021-08-31,2021-09-02T12:51:53Z,2021-09-10T14:54:37Z,??,55.67555278,35.3568,16,NA,cc-by-nc,415525,species,NA,117,3934057,2021-01-06T16:27:32Z,13043,1668,2278,11375,http://www.gbif.org/occurrence/3355143654,0,yes,2,0,0,no,1028,1,0,0,0,2021,2021,Sep,Sep,NA,NA,Fungi,Basidiomycota,Agaricomycetes,Agaricales,Cortinariaceae,Cortinarius,laniger,NA,Cortinarius laniger,Russia,125364,1,6,18874368,species,3,1,0,https://www.inaturalist.org/observations/93355068,Pileate-stipitate,good,n,n,n,y,n,n,y,n,y_genus,1,n
146263985,research_6,research,2023-01-10,2023-01-10T10:58:58Z,2023-01-10T13:53:28Z,NA,59.16324146,15.27090356,88,NA,cc-by-nc,55565,species,NA,5769,3324182,2020-07-13T07:34:20Z,2019,53,1128,1966,http://www.gbif.org/occurrence/4015122496,0,no,0,0,0,no,533,0,0,0,0,2023,2023,Jan,Jan,NA,NA,Fungi,Basidiomycota,Agaricomycetes,Amylocorticiales,Amylocorticiaceae,Plicaturopsis,crispa,NA,Plicaturopsis crispa,Sweden,55565,1,6,18874368,species,2,1,0,https://www.inaturalist.org/observations/146263985,Pileate-sessile,good,y,n,n,y,n,y,y,n,y_species,1,n
149814287,research_6,research,2023-02-27,2023-02-27T11:26:19Z,2023-08-28T00:48:55Z,"DSL#181
Both microscopy photos with Melzer reagent, first with 100x and second 400x magnification.",40.20442992,-8.420623876,12,NA,cc-by-nc,1069001,species,NA,628,5125952,2021-10-15T22:46:42Z,259,19,127,240,http://www.gbif.org/occurrence/4054848595,7,yes,98,0,1,yes,485,2,3,0,1,2023,2023,Feb,Feb,NA,NA,Fungi,Ascomycota,Pezizomycetes,Pezizales,Helvellaceae,Dissingia,leucomelaena,NA,Dissingia leucomelaena,Portugal,179096,1,6,20969472,species,4,2,0,https://www.inaturalist.org/observations/149814287,Cup fungi,great,n,y,n,y,n,y,y,n,n,2,n
98624845,research_6,research,2021-10-18,2021-10-18T17:56:34Z,2021-10-19T14:24:38Z,"Enormous Oak Pileate-sessiles! Marvelous.
Growing around the base of an elderly Oak, naturally.",51.82172258,1.141949147,142,NA,cc-by-nc,787944,species,NA,8562,4801919,2021-07-30T21:07:50Z,1369,107,564,1262,http://www.gbif.org/occurrence/3398814399,0,yes,88,0,0,no,982,2,0,0,0,2021,2021,Oct,Oct,NA,NA,Fungi,Basidiomycota,Agaricomycetes,Hymenochaetales,Hymenochaetaceae,Pseudoinonotus,dryadeus,NA,Pseudoinonotus dryadeus,United Kingdom,787944,1,6,14155776,species,2,1,0,https://www.inaturalist.org/observations/98624845,Pileate-sessile,good,y,n,n,y,n,y,y,n,y_species,1,n
172667262,research_6,research,2023-07-11,2023-07-13T13:00:23Z,2023-07-13T14:30:09Z,NA,56.7596672,43.5958303,NA,NA,cc-by-nc,118027,species,NA,9486,2514204,2020-01-04T07:34:07Z,21147,2778,2200,18369,http://www.gbif.org/occurrence/4162046817,0,no,0,0,0,no,349,0,0,0,0,2023,2023,Jul,Jul,NA,NA,Fungi,Basidiomycota,Dacrymycetes,Dacrymycetales,Dacrymycetaceae,Calocera,cornea,NA,Calocera cornea,Russia,118027,1,6,18874368,species,2,1,0,https://www.inaturalist.org/observations/172667262,Clavarioid,good,y,n,n,y,n,y,y,n,y_species,12,n
16832348,research_6,research,2018-09-22,2018-09-23T16:11:53Z,2018-09-23T16:50:49Z,NA,50.41944504,12.40777779,NA,NA,cc-by-nc,553907,species,NA,2346,509346,2017-06-14T16:55:46Z,1505,53,979,1452,http://www.gbif.org/occurrence/1914218538,0,no,0,0,0,no,2103,0,0,0,0,2018,2018,Sep,Sep,NA,NA,Fungi,Basidiomycota,Agaricomycetes,Boletales,Boletaceae,Neoboletus,erythropus,NA,Neoboletus erythropus,Germany,553907,1,6,18874368,species,3,2,0,https://www.inaturalist.org/observations/16832348,Pileate-stipitate,good,n,n,n,y,y,y,y,n,y_species,0,n
88934365,research_6,research,2021-07-28,2021-07-28T13:34:30Z,2021-07-30T22:38:38Z,Saw lots of these over an evergreen forest floor,51.00789261,-3.760469675,NA,NA,NA,54594,species,NA,8746,2637055,2020-03-11T16:22:39Z,120,5,91,115,NA,0,yes,48,0,0,no,1064,1,0,0,0,2021,2021,Jul,Jul,NA,NA,Fungi,Basidiomycota,Agaricomycetes,Phallales,Phallaceae,Phallus,impudicus,NA,Phallus impudicus,United Kingdom,54593,1,6,18874368,genus,3,1,0,https://www.inaturalist.org/observations/88934365,Phalloid,good,n,n,n,y,n,y,y,n,y_genus,0,n
184981738,research_6,research,2023-09-22,2023-09-26T09:03:04Z,2023-11-08T12:20:48Z,NA,43.55766328,20.69478856,NA,NA,NA,351304,species,NA,585,6117978,2022-09-07T22:03:12Z,4539,776,508,3763,NA,0,no,0,0,0,no,274,0,0,0,0,2023,2023,Sep,Sep,NA,NA,Fungi,Basidiomycota,Agaricomycetes,Russulales,Russulaceae,Lactarius,salmonicolor,NA,Lactarius salmonicolor,Serbia,351304,1,6,16592945,species,2,1,1,https://www.inaturalist.org/observations/184981738,Pileate-stipitate,good,y,n,n,y,n,y,y,n,y_species,1,n
37407229,research_6,research,2020-01-08,2020-01-08T20:44:10Z,2023-09-19T13:45:14Z,Sandtrap.. between moss and lichen (Peltigera) and Omphalina species.,51.39636031,9.099151493,114,NA,cc-by-nc,654934,species,NA,24,1018637,2018-06-10T22:41:40Z,5162,4111,678,1051,http://www.gbif.org/occurrence/4413390367,0,yes,69,0,0,no,1631,2,0,0,0,2020,2020,Jan,Jan,NA,NA,Fungi,Basidiomycota,Agaricomycetes,Hymenochaetales,Rickenellaceae,Cotylidia,undulata,NA,Cotylidia undulata,Germany,654934,1,6,16740352,species,2,1,0,https://www.inaturalist.org/observations/37407229,Pileate-stipitate,good,n,n,n,y,n,y,y,n,y_species,2,n
62778482,research_6,research,2020-10-17,2020-10-17T11:12:14Z,2024-02-27T10:49:59Z,NA,52.0575136,20.6047968,1700,NA,cc-by-nc,48443,species,open,35370,3744488,2020-10-14T06:56:26Z,29,0,18,29,http://www.gbif.org/occurrence/2901541730,0,no,0,0,1,no,1348,0,0,0,1,2020,2020,Oct,Oct,NA,NA,Fungi,Basidiomycota,Agaricomycetes,Agaricales,Lycoperdaceae,Lycoperdon,perlatum,NA,Lycoperdon perlatum,Poland,48444,1,6,18874368,genus,4,2,0,https://www.inaturalist.org/observations/62778482,Gasteroid,good,y,n,n,y,y,y,y,n,y_species,2,n
215751847,research_6,research,2024-05-06,2024-05-14T18:07:28Z,2024-05-15T19:02:52Z,NA,44.13021797,43.028528970000004,NA,NA,cc-by-nc,351927,species,NA,2325,4984642,2021-09-11T18:52:29Z,13661,45,2268,13616,http://www.gbif.org/occurrence/4863547343,0,no,0,0,0,no,43,0,0,0,0,2024,2024,May,May,NA,NA,Fungi,Basidiomycota,Agaricomycetes,Polyporales,Polyporaceae,Polyporus,tuberaster,NA,Polyporus tuberaster,Russia,351927,1,6,18874368,species,2,1,0,https://www.inaturalist.org/observations/215751847,Pileate-stipitate,good,n,n,n,y,n,y,y,n,y_species,2,n
120356323,research_6,research,2022-06-05,2022-06-05T16:29:55Z,2024-02-22T13:00:42Z,NA,54.82601944,24.94111667,5,NA,cc-by-nc,57462,species,NA,1923,945323,2018-05-07T16:58:18Z,32783,25189,2010,7594,http://www.gbif.org/occurrence/4527916622,0,no,0,0,0,no,752,0,0,0,0,2022,2022,Jun,Jun,NA,NA,Fungi,Ascomycota,Pezizomycetes,Pezizales,Helvellaceae,Helvella,acetabulum,NA,Helvella acetabulum,Lithuania,48717,1,6,18874368,order,3,2,0,https://www.inaturalist.org/observations/120356323,Cup fungi,good,n,n,n,y,n,y,y,n,n,9,n
177721173,research_6,research,2023-05-19,2023-08-10T20:15:38Z,2024-06-22T17:35:45Z,NA,48.06821154,11.56855242,73,NA,cc-by-nc,50813,species,NA,15381,3914241,2020-12-25T07:12:16Z,8805,64,589,8741,http://www.gbif.org/occurrence/4407274630,0,no,0,0,0,no,321,0,0,0,0,2023,2023,Aug,Aug,NA,NA,Fungi,Basidiomycota,Agaricomycetes,Auriculariales,Auriculariaceae,Auricularia,auricula-judae,NA,Auricularia auricula-judae,Germany,50813,1,6,16773120,species,3,2,0,https://www.inaturalist.org/observations/177721173,Tremelloid,good,y,n,n,y,n,y,y,n,y_species,0,n
139308171,research_6,research,2022-10-19,2022-10-19T07:18:30Z,2022-12-14T16:13:18Z,Populus balsamifera,56.3305003,43.8563336,NA,NA,cc-by-nc,48494,species,NA,28157,2514204,2020-01-04T07:34:07Z,21107,2772,2200,18335,http://www.gbif.org/occurrence/4006502595,0,yes,19,0,0,no,616,1,0,0,0,2022,2022,Oct,Oct,NA,NA,Fungi,Basidiomycota,Agaricomycetes,Agaricales,Pleurotaceae,Pleurotus,ostreatus,NA,Pleurotus ostreatus,Russia,48496,1,6,13903872,genus,3,1,0,https://www.inaturalist.org/observations/139308171,Pileate-sessile,good,n,n,n,y,y,y,y,n,y_species,9,n